title	text	path
S	s	https://dictionary.basabali.org/S
Sa	sa	https://dictionary.basabali.org/Sa
Saa	saa	https://dictionary.basabali.org/Saa
Saab	saab	https://dictionary.basabali.org/Saab
Saab bora	saab bora	https://dictionary.basabali.org/Saab_bora
Saab sari	saab sari	https://dictionary.basabali.org/Saab_sari
Saab-seeb	saab-seeb	https://dictionary.basabali.org/Saab-seeb
Saabin	saabin	https://dictionary.basabali.org/Saabin
Saabina	saabina	https://dictionary.basabali.org/Saabina
Saagan	saagan	https://dictionary.basabali.org/Saagan
Saagang	saagang	https://dictionary.basabali.org/Saagang
Saaganga	saaganga	https://dictionary.basabali.org/Saaganga
Saak	saak	https://dictionary.basabali.org/Saak
Saakang	saakang	https://dictionary.basabali.org/Saakang
Saakanga	saakanga	https://dictionary.basabali.org/Saakanga
Saang	saang	https://dictionary.basabali.org/Saang
Saang pamuun	saang pamuun	https://dictionary.basabali.org/Saang_pamuun
Saang sulah	saang sulah	https://dictionary.basabali.org/Saang_sulah
Saapan	saapan	https://dictionary.basabali.org/Saapan
Saat	saat	https://dictionary.basabali.org/Saat
Saatang	saatang	https://dictionary.basabali.org/Saatang
Saba	saba	https://dictionary.basabali.org/Saba
Saban	saban	https://dictionary.basabali.org/Saban
Sabar	sabar	https://dictionary.basabali.org/Sabar
Sabarengan	sabarengan	https://dictionary.basabali.org/Sabarengan
Sabat	sabat	https://dictionary.basabali.org/Sabat
Sabata	sabata	https://dictionary.basabali.org/Sabata
Sabatang	sabatang	https://dictionary.basabali.org/Sabatang
Sabatanga	sabatanga	https://dictionary.basabali.org/Sabatanga
Sabatek	sabatek	https://dictionary.basabali.org/Sabatek
Sabatin	sabatin	https://dictionary.basabali.org/Sabatin
Sabatina	sabatina	https://dictionary.basabali.org/Sabatina
Sabau	sabau	https://dictionary.basabali.org/Sabau
Sabda	sabda	https://dictionary.basabali.org/Sabda
Sabeh	sabeh	https://dictionary.basabali.org/Sabeh
Sabehan	sabehan	https://dictionary.basabali.org/Sabehan
Sabeng	sabeng	https://dictionary.basabali.org/Sabeng
Sabilang	sabilang	https://dictionary.basabali.org/Sabilang
Sabo	sabo	https://dictionary.basabali.org/Sabo
Sabran	sabran	https://dictionary.basabali.org/Sabran
Sabrang	sabrang	https://dictionary.basabali.org/Sabrang
Sabsab	sabsab	https://dictionary.basabali.org/Sabsab
Sabsab-sabsabin	sabsab-sabsabin	https://dictionary.basabali.org/Sabsab-sabsabin
Sabsaba	sabsaba	https://dictionary.basabali.org/Sabsaba
Sabuh	sabuh	https://dictionary.basabali.org/Sabuh
Sabuh mas	sabuh mas	https://dictionary.basabali.org/Sabuh_mas
Sabuh rah	sabuh rah	https://dictionary.basabali.org/Sabuh_rah
Sabuh wacana	sabuh wacana	https://dictionary.basabali.org/Sabuh_wacana
Sabuk	sabuk	https://dictionary.basabali.org/Sabuk
Sabuk nyabuk	sabuk nyabuk	https://dictionary.basabali.org/Sabuk_nyabuk
Sabuk poleng	sabuk poleng	https://dictionary.basabali.org/Sabuk_poleng
Sabun	sabun	https://dictionary.basabali.org/Sabun
Sad	sad	https://dictionary.basabali.org/Sad
Sada	sada	https://dictionary.basabali.org/Sada
Sadak	sadak	https://dictionary.basabali.org/Sadak
Sadaka	sadaka	https://dictionary.basabali.org/Sadaka
Sadaksara	sadaksara	https://dictionary.basabali.org/Sadaksara
Sadana Amukti Pakewuh	sadana amukti pakewuh	https://dictionary.basabali.org/Sadana_Amukti_Pakewuh
Sadar	sadar	https://dictionary.basabali.org/Sadar
Sadarana	sadarana	https://dictionary.basabali.org/Sadarana
Sadaranain	sadaranain	https://dictionary.basabali.org/Sadaranain
Sadasiwa	sadasiwa	https://dictionary.basabali.org/Sadasiwa
Sadaya	sadaya	https://dictionary.basabali.org/Sadaya
Sade	sade	https://dictionary.basabali.org/Sade
Sadeg	sadeg	https://dictionary.basabali.org/Sadeg
Sadek	sadek	https://dictionary.basabali.org/Sadek
Sadia	sadia	https://dictionary.basabali.org/Sadia
Sadin	sadin	https://dictionary.basabali.org/Sadin
Sadok	sadok	https://dictionary.basabali.org/Sadok
Sadu	sadu	https://dictionary.basabali.org/Sadu
Saduajeng	saduajeng	https://dictionary.basabali.org/Saduajeng
Sadug	sadug	https://dictionary.basabali.org/Sadug
Sadur	sadur	https://dictionary.basabali.org/Sadur
Saduran	saduran	https://dictionary.basabali.org/Saduran
Sadurung	sadurung	https://dictionary.basabali.org/Sadurung
Saduu	saduu	https://dictionary.basabali.org/Saduu
Sadwara	sadwara	https://dictionary.basabali.org/Sadwara
Saedah	saedah	https://dictionary.basabali.org/Saedah
Safir	safir	https://dictionary.basabali.org/Safir
Sag	sag	https://dictionary.basabali.org/Sag
Saged	saged	https://dictionary.basabali.org/Saged
Sager	sager	https://dictionary.basabali.org/Sager
Saget	saget	https://dictionary.basabali.org/Saget
Sagiang	sagiang	https://dictionary.basabali.org/Sagiang
Sagilik-saguluk	sagilik-saguluk	https://dictionary.basabali.org/Sagilik-saguluk
Sagon	sagon	https://dictionary.basabali.org/Sagon
Sagrep	sagrep	https://dictionary.basabali.org/Sagrep
Sagu	sagu	https://dictionary.basabali.org/Sagu
Sah	sah	https://dictionary.basabali.org/Sah
Sahadewa	sahadewa	https://dictionary.basabali.org/Sahadewa
Sahananing	sahananing	https://dictionary.basabali.org/Sahananing
Sahanin	sahanin	https://dictionary.basabali.org/Sahanin
Sahasa	sahasa	https://dictionary.basabali.org/Sahasa
Sahsah	sahsah	https://dictionary.basabali.org/Sahsah
Sai	sai	https://dictionary.basabali.org/Sai
Sai-sai	sai-sai	https://dictionary.basabali.org/Sai-sai
Saih	saih	https://dictionary.basabali.org/Saih
Saihang	saihang	https://dictionary.basabali.org/Saihang
Saing	saing	https://dictionary.basabali.org/Saing
Saing-saing	saing-saing	https://dictionary.basabali.org/Saing-saing
Saingan	saingan	https://dictionary.basabali.org/Saingan
Saip	saip	https://dictionary.basabali.org/Saip
Saisai	saisai	https://dictionary.basabali.org/Saisai
Sait	sait	https://dictionary.basabali.org/Sait
Saja	saja	https://dictionary.basabali.org/Saja
Sajaan	sajaan	https://dictionary.basabali.org/Sajaan
Sajaba	sajaba	https://dictionary.basabali.org/Sajaba
Sajabaning	sajabaning	https://dictionary.basabali.org/Sajabaning
Sajan	sajan	https://dictionary.basabali.org/Sajan
Sajatinne	sajatinne	https://dictionary.basabali.org/Sajatinne
Sajawaning	sajawaning	https://dictionary.basabali.org/Sajawaning
Sajawatin	sajawatin	https://dictionary.basabali.org/Sajawatin
Sajebag	sajebag	https://dictionary.basabali.org/Sajebag
Sajeng	sajeng	https://dictionary.basabali.org/Sajeng
Sajeroning	sajeroning	https://dictionary.basabali.org/Sajeroning
Sajuta	sajuta	https://dictionary.basabali.org/Sajuta
Saka	saka	https://dictionary.basabali.org/Saka
Saka mata	saka mata	https://dictionary.basabali.org/Saka_mata
Sakabesik	sakabesik	https://dictionary.basabali.org/Sakabesik
Sakadi	sakadi	https://dictionary.basabali.org/Sakadi
Sakancan	sakancan	https://dictionary.basabali.org/Sakancan
Sakarin	sakarin	https://dictionary.basabali.org/Sakarin
Sakaya	sakaya	https://dictionary.basabali.org/Sakaya
Sakewala	sakewala	https://dictionary.basabali.org/Sakewala
Sakewanten	sakewanten	https://dictionary.basabali.org/Sakewanten
Saking	saking	https://dictionary.basabali.org/Saking
Sakit	sakit	https://dictionary.basabali.org/Sakit
Sakit ended	sakit ended	https://dictionary.basabali.org/Sakit_ended
Sakit kuning	sakit kuning	https://dictionary.basabali.org/Sakit_kuning
Sakita keneh	sakita keneh	https://dictionary.basabali.org/Sakita_keneh
Saksi	saksi	https://dictionary.basabali.org/Saksi
Sakti	sakti	https://dictionary.basabali.org/Sakti
Sakuub	sakuub	https://dictionary.basabali.org/Sakuub
Sal	sal	https://dictionary.basabali.org/Sal
Salah	salah	https://dictionary.basabali.org/Salah
Salah pati	salah pati	https://dictionary.basabali.org/Salah_pati
Salah soca	salah soca	https://dictionary.basabali.org/Salah_soca
Salah tatagihan	salah tatagihan	https://dictionary.basabali.org/Salah_tatagihan
Salahang dewa	salahang dewa	https://dictionary.basabali.org/Salahang_dewa
Salak	salak	https://dictionary.basabali.org/Salak
Salaka	salaka	https://dictionary.basabali.org/Salaka
Salalhpati	salalhpati	https://dictionary.basabali.org/Salalhpati
Salang	salang	https://dictionary.basabali.org/Salang
Salantang	salantang	https://dictionary.basabali.org/Salantang
Salanturne	salanturne	https://dictionary.basabali.org/Salanturne
Salaran	salaran	https://dictionary.basabali.org/Salaran
Salegseg	salegseg	https://dictionary.basabali.org/Salegseg
Salemah-lemah	salemah-lemah	https://dictionary.basabali.org/Salemah-lemah
Salep	salep	https://dictionary.basabali.org/Salep
Salin	salin	https://dictionary.basabali.org/Salin
Saling	saling	https://dictionary.basabali.org/Saling
Saling ngagas tundu	saling ngagas tundu	https://dictionary.basabali.org/Saling_ngagas_tundu
Saling tulung	saling tulung	https://dictionary.basabali.org/Saling_tulung
Salingke	salingke	https://dictionary.basabali.org/Salingke
Salit	salit	https://dictionary.basabali.org/Salit
Salit arsa	salit arsa	https://dictionary.basabali.org/Salit_arsa
Saliu-liuan	saliu-liuan	https://dictionary.basabali.org/Saliu-liuan
Salju	salju	https://dictionary.basabali.org/Salju
Salon	salon	https://dictionary.basabali.org/Salon
Salud	salud	https://dictionary.basabali.org/Salud
Saluir	saluir	https://dictionary.basabali.org/Saluir
Saluiring	saluiring	https://dictionary.basabali.org/Saluiring
Saluk	saluk	https://dictionary.basabali.org/Saluk
Saluka	saluka	https://dictionary.basabali.org/Saluka
Sama	sama	https://dictionary.basabali.org/Sama
Samah	samah	https://dictionary.basabali.org/Samah
Samanggah	samanggah	https://dictionary.basabali.org/Samanggah
Samara	samara	https://dictionary.basabali.org/Samara
Samas	samas	https://dictionary.basabali.org/Samas
Samatra	samatra	https://dictionary.basabali.org/Samatra
Samaya prapti	samaya prapti	https://dictionary.basabali.org/Samaya_prapti
Sambada	sambada	https://dictionary.basabali.org/Sambada
Sambang Baya	sambang baya	https://dictionary.basabali.org/Sambang_Baya
Sambat	sambat	https://dictionary.basabali.org/Sambat
Sambed	sambed	https://dictionary.basabali.org/Sambed
Sambehin	sambehin	https://dictionary.basabali.org/Sambehin
Sambel	sambel	https://dictionary.basabali.org/Sambel
Sambeng	sambeng	https://dictionary.basabali.org/Sambeng
Sambet	sambet	https://dictionary.basabali.org/Sambet
Sambil	sambil	https://dictionary.basabali.org/Sambil
Sambilan	sambilan	https://dictionary.basabali.org/Sambilan
Sambilang	sambilang	https://dictionary.basabali.org/Sambilang
Sambilanga	sambilanga	https://dictionary.basabali.org/Sambilanga
Sambiloto	sambiloto	https://dictionary.basabali.org/Sambiloto
Sambleh	sambleh	https://dictionary.basabali.org/Sambleh
Samblek	samblek	https://dictionary.basabali.org/Samblek
Samblung	samblung	https://dictionary.basabali.org/Samblung
Sambrag	sambrag	https://dictionary.basabali.org/Sambrag
Sambu	sambu	https://dictionary.basabali.org/Sambu
Sambuk	sambuk	https://dictionary.basabali.org/Sambuk
Sambuk kupak lima	sambuk kupak lima	https://dictionary.basabali.org/Sambuk_kupak_lima
Sambung	sambung	https://dictionary.basabali.org/Sambung
Sambung nyawa	sambung nyawa	https://dictionary.basabali.org/Sambung_nyawa
Sambungan	sambungan	https://dictionary.basabali.org/Sambungan
Sambut	sambut	https://dictionary.basabali.org/Sambut
Sambutan	sambutan	https://dictionary.basabali.org/Sambutan
Sameton	sameton	https://dictionary.basabali.org/Sameton
Sami	sami	https://dictionary.basabali.org/Sami
Samian	samian	https://dictionary.basabali.org/Samian
Samodana	samodana	https://dictionary.basabali.org/Samodana
Samong	samong	https://dictionary.basabali.org/Samong
Sampah	sampah	https://dictionary.basabali.org/Sampah
Sampai mangun dukut	sampai mangun dukut	https://dictionary.basabali.org/Sampai_mangun_dukut
Sampar	sampar	https://dictionary.basabali.org/Sampar
Sampat	sampat	https://dictionary.basabali.org/Sampat
Sampatang	sampatang	https://dictionary.basabali.org/Sampatang
Samped	samped	https://dictionary.basabali.org/Samped
Sampena	sampena	https://dictionary.basabali.org/Sampena
Sampi	sampi	https://dictionary.basabali.org/Sampi
Sampi cono	sampi cono	https://dictionary.basabali.org/Sampi_cono
Sampi cula	sampi cula	https://dictionary.basabali.org/Sampi_cula
Sampi cundang	sampi cundang	https://dictionary.basabali.org/Sampi_cundang
Sampi gamang	sampi gamang	https://dictionary.basabali.org/Sampi_gamang
Sampi jagiran	sampi jagiran	https://dictionary.basabali.org/Sampi_jagiran
Sampi kaung	sampi kaung	https://dictionary.basabali.org/Sampi_kaung
Sampi lua	sampi lua	https://dictionary.basabali.org/Sampi_lua
Sampi panjut	sampi panjut	https://dictionary.basabali.org/Sampi_panjut
Sampian	sampian	https://dictionary.basabali.org/Sampian
Samping	samping	https://dictionary.basabali.org/Samping
Sampir	sampir	https://dictionary.basabali.org/Sampir
Sampun	sampun	https://dictionary.basabali.org/Sampun
Sampunang	sampunang	https://dictionary.basabali.org/Sampunang
Sampur	sampur	https://dictionary.basabali.org/Sampur
Samsam	samsam	https://dictionary.basabali.org/Samsam
Samsara	samsara	https://dictionary.basabali.org/Samsara
Samsat	samsat	https://dictionary.basabali.org/Samsat
Samuan	samuan	https://dictionary.basabali.org/Samuan
Samun	samun	https://dictionary.basabali.org/Samun
Samur	samur	https://dictionary.basabali.org/Samur
San	san	https://dictionary.basabali.org/San
Sanak	sanak	https://dictionary.basabali.org/Sanak
Sanan	sanan	https://dictionary.basabali.org/Sanan
Sanawanan	sanawanan	https://dictionary.basabali.org/Sanawanan
Sanda	sanda	https://dictionary.basabali.org/Sanda
Sandal	sandal	https://dictionary.basabali.org/Sandal
Sandang	sandang	https://dictionary.basabali.org/Sandang
Sandar	sandar	https://dictionary.basabali.org/Sandar
Sandaran kursi	sandaran kursi	https://dictionary.basabali.org/Sandaran_kursi
Sandat	sandat	https://dictionary.basabali.org/Sandat
Sande	sande	https://dictionary.basabali.org/Sande
Sandeh	sandeh	https://dictionary.basabali.org/Sandeh
Sander	sander	https://dictionary.basabali.org/Sander
Sandi	sandi	https://dictionary.basabali.org/Sandi
Sandi ngucap	sandi ngucap	https://dictionary.basabali.org/Sandi_ngucap
Sandi suara	sandi suara	https://dictionary.basabali.org/Sandi_suara
Sandia Kala	sandia kala	https://dictionary.basabali.org/Sandia_Kala
Sandikala	sandikala	https://dictionary.basabali.org/Sandikala
Sandung	sandung	https://dictionary.basabali.org/Sandung
Sane	sane	https://dictionary.basabali.org/Sane
Sane tunian	sane tunian	https://dictionary.basabali.org/Sane_tunian
Sang	sang	https://dictionary.basabali.org/Sang
Sang Dumadi	sang dumadi	https://dictionary.basabali.org/Sang_Dumadi
Sang Hyang Widhi	sang hyang widhi	https://dictionary.basabali.org/Sang_Hyang_Widhi
Sang Mong	sang mong	https://dictionary.basabali.org/Sang_Mong
Sang Prabu	sang prabu	https://dictionary.basabali.org/Sang_Prabu
Sang Soma	sang soma	https://dictionary.basabali.org/Sang_Soma
Sanga	sanga	https://dictionary.basabali.org/Sanga
Sanga Likur	sanga likur	https://dictionary.basabali.org/Sanga_Likur
Sanganan	sanganan	https://dictionary.basabali.org/Sanganan
Sangara	sangara	https://dictionary.basabali.org/Sangara
Sangat	sangat	https://dictionary.basabali.org/Sangat
Sangawara	sangawara	https://dictionary.basabali.org/Sangawara
Sanget	sanget	https://dictionary.basabali.org/Sanget
Sangga	sangga	https://dictionary.basabali.org/Sangga
Sanggah	sanggah	https://dictionary.basabali.org/Sanggah
Sanggah cucuk	sanggah cucuk	https://dictionary.basabali.org/Sanggah_cucuk
Sanggah cukcuk	sanggah cukcuk	https://dictionary.basabali.org/Sanggah_cukcuk
Sanggah kemulan	sanggah kemulan	https://dictionary.basabali.org/Sanggah_kemulan
Sanggar	sanggar	https://dictionary.basabali.org/Sanggar
Sanggeniya	sanggeniya	https://dictionary.basabali.org/Sanggeniya
Sangging	sangging	https://dictionary.basabali.org/Sangging
Sanggul	sanggul	https://dictionary.basabali.org/Sanggul
Sanggup	sanggup	https://dictionary.basabali.org/Sanggup
Sanggupin	sanggupin	https://dictionary.basabali.org/Sanggupin
Sanghyang	sanghyang	https://dictionary.basabali.org/Sanghyang
Sanghyang dedari	sanghyang dedari	https://dictionary.basabali.org/Sanghyang_dedari
Sanghyang jaran	sanghyang jaran	https://dictionary.basabali.org/Sanghyang_jaran
Sangih	sangih	https://dictionary.basabali.org/Sangih
Sangihan	sangihan	https://dictionary.basabali.org/Sangihan
Sangka Pala	sangka pala	https://dictionary.basabali.org/Sangka_Pala
Sangkal	sangkal	https://dictionary.basabali.org/Sangkal
Sangkala	sangkala	https://dictionary.basabali.org/Sangkala
Sangkaning	sangkaning	https://dictionary.basabali.org/Sangkaning
Sangkap	sangkap	https://dictionary.basabali.org/Sangkap
Sangkar	sangkar	https://dictionary.basabali.org/Sangkar
Sangkara	sangkara	https://dictionary.basabali.org/Sangkara
Sangke	sangke	https://dictionary.basabali.org/Sangke
Sangkeang	sangkeang	https://dictionary.basabali.org/Sangkeang
Sangkep	sangkep	https://dictionary.basabali.org/Sangkep
Sangkepan	sangkepan	https://dictionary.basabali.org/Sangkepan
Sangket	sangket	https://dictionary.basabali.org/Sangket
Sangkil	sangkil	https://dictionary.basabali.org/Sangkil
Sangkol	sangkol	https://dictionary.basabali.org/Sangkol
Sangkolan	sangkolan	https://dictionary.basabali.org/Sangkolan
Sangkop	sangkop	https://dictionary.basabali.org/Sangkop
Sangku	sangku	https://dictionary.basabali.org/Sangku
Sangkur	sangkur	https://dictionary.basabali.org/Sangkur
Sangkur buntut	sangkur buntut	https://dictionary.basabali.org/Sangkur_buntut
Sangkur pakpak	sangkur pakpak	https://dictionary.basabali.org/Sangkur_pakpak
Sangkur pengotok	sangkur pengotok	https://dictionary.basabali.org/Sangkur_pengotok
Sangkur sempret	sangkur sempret	https://dictionary.basabali.org/Sangkur_sempret
Sangkur udang	sangkur udang	https://dictionary.basabali.org/Sangkur_udang
Sanglad	sanglad	https://dictionary.basabali.org/Sanglad
Sanglir	sanglir	https://dictionary.basabali.org/Sanglir
Sanglup	sanglup	https://dictionary.basabali.org/Sanglup
Sangsan	sangsan	https://dictionary.basabali.org/Sangsan
Sangsang	sangsang	https://dictionary.basabali.org/Sangsang
Sangsara	sangsara	https://dictionary.basabali.org/Sangsara
Sangsaraina	sangsaraina	https://dictionary.basabali.org/Sangsaraina
Sangsaya	sangsaya	https://dictionary.basabali.org/Sangsaya
Sangsiah	sangsiah	https://dictionary.basabali.org/Sangsiah
Sangsih	sangsih	https://dictionary.basabali.org/Sangsih
Sangu	sangu	https://dictionary.basabali.org/Sangu
Sangut	sangut	https://dictionary.basabali.org/Sangut
Saniscara	saniscara	https://dictionary.basabali.org/Saniscara
Sanja	sanja	https://dictionary.basabali.org/Sanja
Sanjanne	sanjanne	https://dictionary.basabali.org/Sanjanne
Santen	santen	https://dictionary.basabali.org/Santen
Santen kane	santen kane	https://dictionary.basabali.org/Santen_kane
Santep	santep	https://dictionary.basabali.org/Santep
Santet	santet	https://dictionary.basabali.org/Santet
Santi	santi	https://dictionary.basabali.org/Santi
Santukan	santukan	https://dictionary.basabali.org/Santukan
Santun	santun	https://dictionary.basabali.org/Santun
Sané lintang	sané lintang	https://dictionary.basabali.org/San%C3%A9_lintang
Sapa	sapa	https://dictionary.basabali.org/Sapa
Sapaha	sapaha	https://dictionary.basabali.org/Sapaha
Sapangrauh	sapangrauh	https://dictionary.basabali.org/Sapangrauh
Saparadeg	saparadeg	https://dictionary.basabali.org/Saparadeg
Saparo	saparo	https://dictionary.basabali.org/Saparo
Sapasira	sapasira	https://dictionary.basabali.org/Sapasira
Sapatutne	sapatutne	https://dictionary.basabali.org/Sapatutne
Sapatutné	sapatutné	https://dictionary.basabali.org/Sapatutn%C3%A9
Sapenawang	sapenawang	https://dictionary.basabali.org/Sapenawang
Saperapat	saperapat	https://dictionary.basabali.org/Saperapat
Sapidol	sapidol	https://dictionary.basabali.org/Sapidol
Sapih	sapih	https://dictionary.basabali.org/Sapih
Sapisana	sapisana	https://dictionary.basabali.org/Sapisana
Saplok	saplok	https://dictionary.basabali.org/Saplok
Saprapat	saprapat	https://dictionary.basabali.org/Saprapat
Sapsap	sapsap	https://dictionary.basabali.org/Sapsap
Sapta	sapta	https://dictionary.basabali.org/Sapta
Saptawara	saptawara	https://dictionary.basabali.org/Saptawara
Sapu	sapu	https://dictionary.basabali.org/Sapu
Sapuh	sapuh	https://dictionary.basabali.org/Sapuh
Sapunapi	sapunapi	https://dictionary.basabali.org/Sapunapi
Sapunapiang	sapunapiang	https://dictionary.basabali.org/Sapunapiang
Sapunika	sapunika	https://dictionary.basabali.org/Sapunika
Sapuniki	sapuniki	https://dictionary.basabali.org/Sapuniki
Sapurai	sapurai	https://dictionary.basabali.org/Sapurai
Saput	saput	https://dictionary.basabali.org/Saput
Sarab	sarab	https://dictionary.basabali.org/Sarab
Sarad	sarad	https://dictionary.basabali.org/Sarad
Saradula	saradula	https://dictionary.basabali.org/Saradula
Sarag-sirig	sarag-sirig	https://dictionary.basabali.org/Sarag-sirig
Sarah	sarah	https://dictionary.basabali.org/Sarah
Sarahina	sarahina	https://dictionary.basabali.org/Sarahina
Sarana	sarana	https://dictionary.basabali.org/Sarana
Sarang	sarang	https://dictionary.basabali.org/Sarang
Sarani	sarani	https://dictionary.basabali.org/Sarani
Sarap	sarap	https://dictionary.basabali.org/Sarap
Sarapa	sarapa	https://dictionary.basabali.org/Sarapa
Saraswati	saraswati	https://dictionary.basabali.org/Saraswati
Sarat	sarat	https://dictionary.basabali.org/Sarat
Saratang	saratang	https://dictionary.basabali.org/Saratang
Sareng	sareng	https://dictionary.basabali.org/Sareng
Sareng-sareng	sareng-sareng	https://dictionary.basabali.org/Sareng-sareng
Sarengang	sarengang	https://dictionary.basabali.org/Sarengang
Sarenganga	sarenganga	https://dictionary.basabali.org/Sarenganga
Sarengin	sarengin	https://dictionary.basabali.org/Sarengin
Sarengina	sarengina	https://dictionary.basabali.org/Sarengina
Sarga	sarga	https://dictionary.basabali.org/Sarga
Sargah	sargah	https://dictionary.basabali.org/Sargah
Sari	sari	https://dictionary.basabali.org/Sari
Sari-sari	sari-sari	https://dictionary.basabali.org/Sari-sari
Sarik	sarik	https://dictionary.basabali.org/Sarik
Saring	saring	https://dictionary.basabali.org/Saring
Saringan	saringan	https://dictionary.basabali.org/Saringan
Sarinin	sarinin	https://dictionary.basabali.org/Sarinin
Sarira	sarira	https://dictionary.basabali.org/Sarira
Sarisi	sarisi	https://dictionary.basabali.org/Sarisi
Sarma	sarma	https://dictionary.basabali.org/Sarma
Saron	saron	https://dictionary.basabali.org/Saron
Sarpa	sarpa	https://dictionary.basabali.org/Sarpa
Saru	saru	https://dictionary.basabali.org/Saru
Saru mua	saru mua	https://dictionary.basabali.org/Saru_mua
Saruang	saruang	https://dictionary.basabali.org/Saruang
Saruanga	saruanga	https://dictionary.basabali.org/Saruanga
Sarumuane	sarumuane	https://dictionary.basabali.org/Sarumuane
Sarung	sarung	https://dictionary.basabali.org/Sarung
Saruputan	saruputan	https://dictionary.basabali.org/Saruputan
Saruron	saruron	https://dictionary.basabali.org/Saruron
Sarwa	sarwa	https://dictionary.basabali.org/Sarwa
Sarwa baksa	sarwa baksa	https://dictionary.basabali.org/Sarwa_baksa
Sarwa bawa	sarwa bawa	https://dictionary.basabali.org/Sarwa_bawa
Sarwi	sarwi	https://dictionary.basabali.org/Sarwi
Sasa	sasa	https://dictionary.basabali.org/Sasa
Sasab	sasab	https://dictionary.basabali.org/Sasab
Sasabet	sasabet	https://dictionary.basabali.org/Sasabet
Sasad	sasad	https://dictionary.basabali.org/Sasad
Sasadara	sasadara	https://dictionary.basabali.org/Sasadara
Sasaga	sasaga	https://dictionary.basabali.org/Sasaga
Sasah	sasah	https://dictionary.basabali.org/Sasah
Sasak	sasak	https://dictionary.basabali.org/Sasak
Sasaka	sasaka	https://dictionary.basabali.org/Sasaka
Sasampun	sasampun	https://dictionary.basabali.org/Sasampun
Sasangka Karta	sasangka karta	https://dictionary.basabali.org/Sasangka_Karta
Sasangka Roma	sasangka roma	https://dictionary.basabali.org/Sasangka_Roma
Sasapa	sasapa	https://dictionary.basabali.org/Sasapa
Sasapang	sasapang	https://dictionary.basabali.org/Sasapang
Sasapian	sasapian	https://dictionary.basabali.org/Sasapian
Sasar	sasar	https://dictionary.basabali.org/Sasar
Sasarang	sasarang	https://dictionary.basabali.org/Sasarang
Sasat	sasat	https://dictionary.basabali.org/Sasat
Sasawangan	sasawangan	https://dictionary.basabali.org/Sasawangan
Sasayut	sasayut	https://dictionary.basabali.org/Sasayut
Saseleh	saseleh	https://dictionary.basabali.org/Saseleh
Sasenden	sasenden	https://dictionary.basabali.org/Sasenden
Sasenggakan	sasenggakan	https://dictionary.basabali.org/Sasenggakan
Sasi	sasi	https://dictionary.basabali.org/Sasi
Sasidan	sasidan	https://dictionary.basabali.org/Sasidan
Sasih	sasih	https://dictionary.basabali.org/Sasih
Sasih lahru	sasih lahru	https://dictionary.basabali.org/Sasih_lahru
Sasih uku	sasih uku	https://dictionary.basabali.org/Sasih_uku
Sasihe	sasihe	https://dictionary.basabali.org/Sasihe
Sasikapan	sasikapan	https://dictionary.basabali.org/Sasikapan
Sasikepan	sasikepan	https://dictionary.basabali.org/Sasikepan
Sasilihan	sasilihan	https://dictionary.basabali.org/Sasilihan
Sasingel	sasingel	https://dictionary.basabali.org/Sasingel
Sasinggahan	sasinggahan	https://dictionary.basabali.org/Sasinggahan
Sasinja	sasinja	https://dictionary.basabali.org/Sasinja
Sasolahan	sasolahan	https://dictionary.basabali.org/Sasolahan
Sasonggan	sasonggan	https://dictionary.basabali.org/Sasonggan
Sasontengan	sasontengan	https://dictionary.basabali.org/Sasontengan
Sasorog	sasorog	https://dictionary.basabali.org/Sasorog
Sastra	sastra	https://dictionary.basabali.org/Sastra
Sastra Sampurna	sastra sampurna	https://dictionary.basabali.org/Sastra_Sampurna
Sasubane	sasubane	https://dictionary.basabali.org/Sasubane
Sasukate	sasukate	https://dictionary.basabali.org/Sasukate
Sasuunan	sasuunan	https://dictionary.basabali.org/Sasuunan
Sata	sata	https://dictionary.basabali.org/Sata
Sata wana	sata wana	https://dictionary.basabali.org/Sata_wana
Satak	satak	https://dictionary.basabali.org/Satak
Satang	satang	https://dictionary.basabali.org/Satang
Satangin	satangin	https://dictionary.basabali.org/Satangin
Satata	satata	https://dictionary.basabali.org/Satata
Satawarsa	satawarsa	https://dictionary.basabali.org/Satawarsa
Sate	sate	https://dictionary.basabali.org/Sate
Sate asem	sate asem	https://dictionary.basabali.org/Sate_asem
Sate balah	sate balah	https://dictionary.basabali.org/Sate_balah
Sate calon	sate calon	https://dictionary.basabali.org/Sate_calon
Sate caru	sate caru	https://dictionary.basabali.org/Sate_caru
Sate empol	sate empol	https://dictionary.basabali.org/Sate_empol
Sate gayah	sate gayah	https://dictionary.basabali.org/Sate_gayah
Sate gede	sate gede	https://dictionary.basabali.org/Sate_gede
Sate gunting	sate gunting	https://dictionary.basabali.org/Sate_gunting
Sate kablet	sate kablet	https://dictionary.basabali.org/Sate_kablet
Sate kebek	sate kebek	https://dictionary.basabali.org/Sate_kebek
Sate kuung	sate kuung	https://dictionary.basabali.org/Sate_kuung
Sate lembat	sate lembat	https://dictionary.basabali.org/Sate_lembat
Sate lemo	sate lemo	https://dictionary.basabali.org/Sate_lemo
Sate letlet	sate letlet	https://dictionary.basabali.org/Sate_letlet
Sate lilit	sate lilit	https://dictionary.basabali.org/Sate_lilit
Sate pusut	sate pusut	https://dictionary.basabali.org/Sate_pusut
Sate srapah	sate srapah	https://dictionary.basabali.org/Sate_srapah
Sate tanceb	sate tanceb	https://dictionary.basabali.org/Sate_tanceb
Sate tungguh	sate tungguh	https://dictionary.basabali.org/Sate_tungguh
Sate wayang	sate wayang	https://dictionary.basabali.org/Sate_wayang
Sateang	sateang	https://dictionary.basabali.org/Sateang
Sateb	sateb	https://dictionary.basabali.org/Sateb
Sati	sati	https://dictionary.basabali.org/Sati
Satia	satia	https://dictionary.basabali.org/Satia
Satia budi	satia budi	https://dictionary.basabali.org/Satia_budi
Satia mitra	satia mitra	https://dictionary.basabali.org/Satia_mitra
Satia negara	satia negara	https://dictionary.basabali.org/Satia_negara
Satia semaya	satia semaya	https://dictionary.basabali.org/Satia_semaya
Satia wacana	satia wacana	https://dictionary.basabali.org/Satia_wacana
Satinut	satinut	https://dictionary.basabali.org/Satinut
Satmaka	satmaka	https://dictionary.basabali.org/Satmaka
Satmakaang	satmakaang	https://dictionary.basabali.org/Satmakaang
Sato	sato	https://dictionary.basabali.org/Sato
Sato Sambawa	sato sambawa	https://dictionary.basabali.org/Sato_Sambawa
Satonden	satonden	https://dictionary.basabali.org/Satonden
Satru	satru	https://dictionary.basabali.org/Satru
Satrugena	satrugena	https://dictionary.basabali.org/Satrugena
Satsat	satsat	https://dictionary.basabali.org/Satsat
Satsata	satsata	https://dictionary.basabali.org/Satsata
Satsatin	satsatin	https://dictionary.basabali.org/Satsatin
Sattwa	sattwa	https://dictionary.basabali.org/Sattwa
Satua	satua	https://dictionary.basabali.org/Satua
Satuaang	satuaang	https://dictionary.basabali.org/Satuaang
Satuain	satuain	https://dictionary.basabali.org/Satuain
Satuara	satuara	https://dictionary.basabali.org/Satuara
Satuh	satuh	https://dictionary.basabali.org/Satuh
Satus	satus	https://dictionary.basabali.org/Satus
Satus-satusin	satus-satusin	https://dictionary.basabali.org/Satus-satusin
Satusan	satusan	https://dictionary.basabali.org/Satusan
Satwika	satwika	https://dictionary.basabali.org/Satwika
Satya	satya	https://dictionary.basabali.org/Satya
Sau	sau	https://dictionary.basabali.org/Sau
Saud	saud	https://dictionary.basabali.org/Saud
Sauh	sauh	https://dictionary.basabali.org/Sauh
Saun	saun	https://dictionary.basabali.org/Saun
Saunduk-unduk	saunduk-unduk	https://dictionary.basabali.org/Saunduk-unduk
Saung	saung	https://dictionary.basabali.org/Saung
Saungan	saungan	https://dictionary.basabali.org/Saungan
Saunggaling	saunggaling	https://dictionary.basabali.org/Saunggaling
Saungin	saungin	https://dictionary.basabali.org/Saungin
Sauning	sauning	https://dictionary.basabali.org/Sauning
Saup	saup	https://dictionary.basabali.org/Saup
Saupa	saupa	https://dictionary.basabali.org/Saupa
Saur	saur	https://dictionary.basabali.org/Saur
Saurin	saurin	https://dictionary.basabali.org/Saurin
Saut	saut	https://dictionary.basabali.org/Saut
Sautin	sautin	https://dictionary.basabali.org/Sautin
Sautina	sautina	https://dictionary.basabali.org/Sautina
Sawa	sawa	https://dictionary.basabali.org/Sawa
Sawa karesian	sawa karesian	https://dictionary.basabali.org/Sawa_karesian
Sawa prateka	sawa prateka	https://dictionary.basabali.org/Sawa_prateka
Sawa wedana	sawa wedana	https://dictionary.basabali.org/Sawa_wedana
Sawah	sawah	https://dictionary.basabali.org/Sawah
Sawai	sawai	https://dictionary.basabali.org/Sawai
Sawak	sawak	https://dictionary.basabali.org/Sawak
Sawala	sawala	https://dictionary.basabali.org/Sawala
Sawala patra	sawala patra	https://dictionary.basabali.org/Sawala_patra
Sawalak	sawalak	https://dictionary.basabali.org/Sawalak
Sawan	sawan	https://dictionary.basabali.org/Sawan
Sawan ai	sawan ai	https://dictionary.basabali.org/Sawan_ai
Sawan bangke	sawan bangke	https://dictionary.basabali.org/Sawan_bangke
Sawan brahma	sawan brahma	https://dictionary.basabali.org/Sawan_brahma
Sawan ujan	sawan ujan	https://dictionary.basabali.org/Sawan_ujan
Sawan yeh	sawan yeh	https://dictionary.basabali.org/Sawan_yeh
Sawang	sawang	https://dictionary.basabali.org/Sawang
Sawangan	sawangan	https://dictionary.basabali.org/Sawangan
Sawangang	sawangang	https://dictionary.basabali.org/Sawangang
Sawatara	sawatara	https://dictionary.basabali.org/Sawatara
Sawatek	sawatek	https://dictionary.basabali.org/Sawatek
Sawe	sawe	https://dictionary.basabali.org/Sawe
Sawen	sawen	https://dictionary.basabali.org/Sawen
Sawi	sawi	https://dictionary.basabali.org/Sawi
Sawilang	sawilang	https://dictionary.basabali.org/Sawilang
Sawireh	sawireh	https://dictionary.basabali.org/Sawireh
Sawit	sawit	https://dictionary.basabali.org/Sawit
Sawitra	sawitra	https://dictionary.basabali.org/Sawitra
Sawo	sawo	https://dictionary.basabali.org/Sawo
Sawéga	sawéga	https://dictionary.basabali.org/Saw%C3%A9ga
Saya	saya	https://dictionary.basabali.org/Saya
Sayaga	sayaga	https://dictionary.basabali.org/Sayaga
Sayan	sayan	https://dictionary.basabali.org/Sayan
Sayang	sayang	https://dictionary.basabali.org/Sayang
Sayang-sayang	sayang-sayang	https://dictionary.basabali.org/Sayang-sayang
Sayangang	sayangang	https://dictionary.basabali.org/Sayangang
Sayanganga	sayanganga	https://dictionary.basabali.org/Sayanganga
Sayap	sayap	https://dictionary.basabali.org/Sayap
Sayong	sayong	https://dictionary.basabali.org/Sayong
Sayuakti	sayuakti	https://dictionary.basabali.org/Sayuakti
Sayub	sayub	https://dictionary.basabali.org/Sayub
Sayut candra geni	sayut candra geni	https://dictionary.basabali.org/Sayut_candra_geni
Seba	seba	https://dictionary.basabali.org/Seba
Sebak	sebak	https://dictionary.basabali.org/Sebak
Sebala	sebala	https://dictionary.basabali.org/Sebala
Sebar	sebar	https://dictionary.basabali.org/Sebar
Sebatah	sebatah	https://dictionary.basabali.org/Sebatah
Sebau	sebau	https://dictionary.basabali.org/Sebau
Sebeh	sebeh	https://dictionary.basabali.org/Sebeh
Sebel	sebel	https://dictionary.basabali.org/Sebel
Sebenehne	sebenehne	https://dictionary.basabali.org/Sebenehne
Sebeng	sebeng	https://dictionary.basabali.org/Sebeng
Sebet	sebet	https://dictionary.basabali.org/Sebet
Sebita	sebita	https://dictionary.basabali.org/Sebita
Sebitang	sebitang	https://dictionary.basabali.org/Sebitang
Sebseb	sebseb	https://dictionary.basabali.org/Sebseb
Sebseba	sebseba	https://dictionary.basabali.org/Sebseba
Sebseban	sebseban	https://dictionary.basabali.org/Sebseban
Sebsebang	sebsebang	https://dictionary.basabali.org/Sebsebang
Sebsebanga	sebsebanga	https://dictionary.basabali.org/Sebsebanga
Sebuh	sebuh	https://dictionary.basabali.org/Sebuh
Sebun	sebun	https://dictionary.basabali.org/Sebun
Seda	seda	https://dictionary.basabali.org/Seda
Sedah	sedah	https://dictionary.basabali.org/Sedah
Sedah tubungan	sedah tubungan	https://dictionary.basabali.org/Sedah_tubungan
Sedahan	sedahan	https://dictionary.basabali.org/Sedahan
Sedani	sedani	https://dictionary.basabali.org/Sedani
Sedauh	sedauh	https://dictionary.basabali.org/Sedauh
Sedeg	sedeg	https://dictionary.basabali.org/Sedeg
Sedeh	sedeh	https://dictionary.basabali.org/Sedeh
Sedek	sedek	https://dictionary.basabali.org/Sedek
Sedekan	sedekan	https://dictionary.basabali.org/Sedekan
Sedeng	sedeng	https://dictionary.basabali.org/Sedeng
Sedeng idenga	sedeng idenga	https://dictionary.basabali.org/Sedeng_idenga
Sedeng-sedeng	sedeng-sedeng	https://dictionary.basabali.org/Sedeng-sedeng
Sedet	sedet	https://dictionary.basabali.org/Sedet
Sedia	sedia	https://dictionary.basabali.org/Sedia
Sedih	sedih	https://dictionary.basabali.org/Sedih
Sedot	sedot	https://dictionary.basabali.org/Sedot
Seduk	seduk	https://dictionary.basabali.org/Seduk
Seeb	seeb	https://dictionary.basabali.org/Seeb
Seen	seen	https://dictionary.basabali.org/Seen
Seet	seet	https://dictionary.basabali.org/Seet
Seeta	seeta	https://dictionary.basabali.org/Seeta
Sega	sega	https://dictionary.basabali.org/Sega
Segara	segara	https://dictionary.basabali.org/Segara
Segeh	segeh	https://dictionary.basabali.org/Segeh
Segehan	segehan	https://dictionary.basabali.org/Segehan
Segehan Sasah	segehan sasah	https://dictionary.basabali.org/Segehan_Sasah
Segehan Satus Kutus	segehan satus kutus	https://dictionary.basabali.org/Segehan_Satus_Kutus
Segehan Wong-Wongan	segehan wong-wongan	https://dictionary.basabali.org/Segehan_Wong-Wongan
Segehan kepel	segehan kepel	https://dictionary.basabali.org/Segehan_kepel
Segelis-gelis	segelis-gelis	https://dictionary.basabali.org/Segelis-gelis
Seger	seger	https://dictionary.basabali.org/Seger
Segi	segi	https://dictionary.basabali.org/Segi
Segseg	segseg	https://dictionary.basabali.org/Segseg
Seguk	seguk	https://dictionary.basabali.org/Seguk
Segul	segul	https://dictionary.basabali.org/Segul
Seh	seh	https://dictionary.basabali.org/Seh
Sejaba	sejaba	https://dictionary.basabali.org/Sejaba
Sejadah	sejadah	https://dictionary.basabali.org/Sejadah
Seje	seje	https://dictionary.basabali.org/Seje
Seka	seka	https://dictionary.basabali.org/Seka
Sekaa	sekaa	https://dictionary.basabali.org/Sekaa
Sekadi	sekadi	https://dictionary.basabali.org/Sekadi
Sekah	sekah	https://dictionary.basabali.org/Sekah
Sekala	sekala	https://dictionary.basabali.org/Sekala
Sekan	sekan	https://dictionary.basabali.org/Sekan
Sekapa	sekapa	https://dictionary.basabali.org/Sekapa
Sekar	sekar	https://dictionary.basabali.org/Sekar
Sekar Sinom	sekar sinom	https://dictionary.basabali.org/Sekar_Sinom
Sekar setaman	sekar setaman	https://dictionary.basabali.org/Sekar_setaman
Sekar taji	sekar taji	https://dictionary.basabali.org/Sekar_taji
Sekar ura	sekar ura	https://dictionary.basabali.org/Sekar_ura
Sekarinne	sekarinne	https://dictionary.basabali.org/Sekarinne
Sekat	sekat	https://dictionary.basabali.org/Sekat
Sekaya	sekaya	https://dictionary.basabali.org/Sekaya
Sekeb	sekeb	https://dictionary.basabali.org/Sekeb
Seked	seked	https://dictionary.basabali.org/Seked
Sekeh	sekeh	https://dictionary.basabali.org/Sekeh
Seken	seken	https://dictionary.basabali.org/Seken
Sekenang	sekenang	https://dictionary.basabali.org/Sekenang
Sekep	sekep	https://dictionary.basabali.org/Sekep
Sekering	sekering	https://dictionary.basabali.org/Sekering
Seket	seket	https://dictionary.basabali.org/Seket
Sekolah	sekolah	https://dictionary.basabali.org/Sekolah
Sekolahan	sekolahan	https://dictionary.basabali.org/Sekolahan
Sekolahe	sekolahe	https://dictionary.basabali.org/Sekolahe
Sekolahne	sekolahne	https://dictionary.basabali.org/Sekolahne
Sekordi	sekordi	https://dictionary.basabali.org/Sekordi
Sekrip	sekrip	https://dictionary.basabali.org/Sekrip
Seksek	seksek	https://dictionary.basabali.org/Seksek
Sekul	sekul	https://dictionary.basabali.org/Sekul
Sekur	sekur	https://dictionary.basabali.org/Sekur
Sel	sel	https://dictionary.basabali.org/Sel
Sela	sela	https://dictionary.basabali.org/Sela
Selada	selada	https://dictionary.basabali.org/Selada
Seladri	seladri	https://dictionary.basabali.org/Seladri
Selae	selae	https://dictionary.basabali.org/Selae
Selag	selag	https://dictionary.basabali.org/Selag
Selagan	selagan	https://dictionary.basabali.org/Selagan
Selaka	selaka	https://dictionary.basabali.org/Selaka
Selang	selang	https://dictionary.basabali.org/Selang
Selangkangan	selangkangan	https://dictionary.basabali.org/Selangkangan
Selanturnyane	selanturnyane	https://dictionary.basabali.org/Selanturnyane
Selapian	selapian	https://dictionary.basabali.org/Selapian
Selasah	selasah	https://dictionary.basabali.org/Selasah
Selasih	selasih	https://dictionary.basabali.org/Selasih
Selat	selat	https://dictionary.basabali.org/Selat
Seleb	seleb	https://dictionary.basabali.org/Seleb
Seleg	seleg	https://dictionary.basabali.org/Seleg
Selegwi	selegwi	https://dictionary.basabali.org/Selegwi
Seleh	seleh	https://dictionary.basabali.org/Seleh
Selehin	selehin	https://dictionary.basabali.org/Selehin
Selek	selek	https://dictionary.basabali.org/Selek
Selem	selem	https://dictionary.basabali.org/Selem
Selem denges	selem denges	https://dictionary.basabali.org/Selem_denges
Selem ngernger	selem ngernger	https://dictionary.basabali.org/Selem_ngernger
Selem-seleman	selem-seleman	https://dictionary.basabali.org/Selem-seleman
Selemang	selemang	https://dictionary.basabali.org/Selemang
Selempod	selempod	https://dictionary.basabali.org/Selempod
Selempot	selempot	https://dictionary.basabali.org/Selempot
Selendang	selendang	https://dictionary.basabali.org/Selendang
Seleng	seleng	https://dictionary.basabali.org/Seleng
Selep-selep	selep-selep	https://dictionary.basabali.org/Selep-selep
Seleran	seleran	https://dictionary.basabali.org/Seleran
Selerek	selerek	https://dictionary.basabali.org/Selerek
Selet	selet	https://dictionary.basabali.org/Selet
Selid	selid	https://dictionary.basabali.org/Selid
Selid-selid	selid-selid	https://dictionary.basabali.org/Selid-selid
Selidan	selidan	https://dictionary.basabali.org/Selidan
Selingkad	selingkad	https://dictionary.basabali.org/Selingkad
Selip	selip	https://dictionary.basabali.org/Selip
Selir	selir	https://dictionary.basabali.org/Selir
Selisir	selisir	https://dictionary.basabali.org/Selisir
Seloka	seloka	https://dictionary.basabali.org/Seloka
Selonding	selonding	https://dictionary.basabali.org/Selonding
Selop	selop	https://dictionary.basabali.org/Selop
Selsel	selsel	https://dictionary.basabali.org/Selsel
Sema	sema	https://dictionary.basabali.org/Sema
Semadi	semadi	https://dictionary.basabali.org/Semadi
Semaga	semaga	https://dictionary.basabali.org/Semaga
Semah	semah	https://dictionary.basabali.org/Semah
Semal	semal	https://dictionary.basabali.org/Semal
Semale	semale	https://dictionary.basabali.org/Semale
Semalih	semalih	https://dictionary.basabali.org/Semalih
Semalilhne	semalilhne	https://dictionary.basabali.org/Semalilhne
Semaluh	semaluh	https://dictionary.basabali.org/Semaluh
Semambuh	semambuh	https://dictionary.basabali.org/Semambuh
Seman	seman	https://dictionary.basabali.org/Seman
Semangah	semangah	https://dictionary.basabali.org/Semangah
Semangan	semangan	https://dictionary.basabali.org/Semangan
Semanggi	semanggi	https://dictionary.basabali.org/Semanggi
Semangka	semangka	https://dictionary.basabali.org/Semangka
Semar	semar	https://dictionary.basabali.org/Semar
Semar Pagulingan	semar pagulingan	https://dictionary.basabali.org/Semar_Pagulingan
Semara	semara	https://dictionary.basabali.org/Semara
Semara Jaya	semara jaya	https://dictionary.basabali.org/Semara_Jaya
Semara Ratih	semara ratih	https://dictionary.basabali.org/Semara_Ratih
Semare	semare	https://dictionary.basabali.org/Semare
Semat	semat	https://dictionary.basabali.org/Semat
Semauuk	semauuk	https://dictionary.basabali.org/Semauuk
Semaya	semaya	https://dictionary.basabali.org/Semaya
Sembah	sembah	https://dictionary.basabali.org/Sembah
Sembar	sembar	https://dictionary.basabali.org/Sembar
Sembe	sembe	https://dictionary.basabali.org/Sembe
Sember	sember	https://dictionary.basabali.org/Sember
Sembir	sembir	https://dictionary.basabali.org/Sembir
Sembring	sembring	https://dictionary.basabali.org/Sembring
Sembung	sembung	https://dictionary.basabali.org/Sembung
Sembung tulang	sembung tulang	https://dictionary.basabali.org/Sembung_tulang
Sembuuk	sembuuk	https://dictionary.basabali.org/Sembuuk
Semen	semen	https://dictionary.basabali.org/Semen
Semeng	semeng	https://dictionary.basabali.org/Semeng
Semeng iding-iding	semeng iding-iding	https://dictionary.basabali.org/Semeng_iding-iding
Semengan	semengan	https://dictionary.basabali.org/Semengan
Semengane	semengane	https://dictionary.basabali.org/Semengane
Semental	semental	https://dictionary.basabali.org/Semental
Semer	semer	https://dictionary.basabali.org/Semer
Semeti	semeti	https://dictionary.basabali.org/Semeti
Semeton	semeton	https://dictionary.basabali.org/Semeton
Semi	semi	https://dictionary.basabali.org/Semi
Semig	semig	https://dictionary.basabali.org/Semig
Semir	semir	https://dictionary.basabali.org/Semir
Semita	semita	https://dictionary.basabali.org/Semita
Sempal	sempal	https://dictionary.basabali.org/Sempal
Sempana	sempana	https://dictionary.basabali.org/Sempana
Semped	semped	https://dictionary.basabali.org/Semped
Sempeda	sempeda	https://dictionary.basabali.org/Sempeda
Sempedin	sempedin	https://dictionary.basabali.org/Sempedin
Sempedina	sempedina	https://dictionary.basabali.org/Sempedina
Sempel	sempel	https://dictionary.basabali.org/Sempel
Sempelang	sempelang	https://dictionary.basabali.org/Sempelang
Sempelanga	sempelanga	https://dictionary.basabali.org/Sempelanga
Sempeng	sempeng	https://dictionary.basabali.org/Sempeng
Sempengot	sempengot	https://dictionary.basabali.org/Sempengot
Sempet	sempet	https://dictionary.basabali.org/Sempet
Sempiring	sempiring	https://dictionary.basabali.org/Sempiring
Semplong	semplong	https://dictionary.basabali.org/Semplong
Sempoh	sempoh	https://dictionary.basabali.org/Sempoh
Sempok	sempok	https://dictionary.basabali.org/Sempok
Sempol	sempol	https://dictionary.basabali.org/Sempol
Sempoleh	sempoleh	https://dictionary.basabali.org/Sempoleh
Sempoyongan	sempoyongan	https://dictionary.basabali.org/Sempoyongan
Sempret	sempret	https://dictionary.basabali.org/Sempret
Semprit	semprit	https://dictionary.basabali.org/Semprit
Semprong	semprong	https://dictionary.basabali.org/Semprong
Semprot	semprot	https://dictionary.basabali.org/Semprot
Semput	semput	https://dictionary.basabali.org/Semput
Semsemang	semsemang	https://dictionary.basabali.org/Semsemang
Semu	semu	https://dictionary.basabali.org/Semu
Semut	semut	https://dictionary.basabali.org/Semut
Semut Bajangan Tiga	semut bajangan tiga	https://dictionary.basabali.org/Semut_Bajangan_Tiga
Semut Ngajang Taluh	semut ngajang taluh	https://dictionary.basabali.org/Semut_Ngajang_Taluh
Semutan	semutan	https://dictionary.basabali.org/Semutan
Semuuk	semuuk	https://dictionary.basabali.org/Semuuk
Sena	sena	https://dictionary.basabali.org/Sena
Senai	senai	https://dictionary.basabali.org/Senai
Senang	senang	https://dictionary.basabali.org/Senang
Sendeng	sendeng	https://dictionary.basabali.org/Sendeng
Sendi	sendi	https://dictionary.basabali.org/Sendi
Sendok	sendok	https://dictionary.basabali.org/Sendok
Sendon	sendon	https://dictionary.basabali.org/Sendon
Sendor	sendor	https://dictionary.basabali.org/Sendor
Sendratari	sendratari	https://dictionary.basabali.org/Sendratari
Senduk	senduk	https://dictionary.basabali.org/Senduk
Seneb	seneb	https://dictionary.basabali.org/Seneb
Seneng	seneng	https://dictionary.basabali.org/Seneng
Senet	senet	https://dictionary.basabali.org/Senet
Seng	seng	https://dictionary.basabali.org/Seng
Sengag	sengag	https://dictionary.basabali.org/Sengag
Sengagan	sengagan	https://dictionary.basabali.org/Sengagan
Sengai	sengai	https://dictionary.basabali.org/Sengai
Sengait	sengait	https://dictionary.basabali.org/Sengait
Sengal-sengal	sengal-sengal	https://dictionary.basabali.org/Sengal-sengal
Sengang	sengang	https://dictionary.basabali.org/Sengang
Sengap	sengap	https://dictionary.basabali.org/Sengap
Sengara	sengara	https://dictionary.basabali.org/Sengara
Sengara yuga	sengara yuga	https://dictionary.basabali.org/Sengara_yuga
Sengat	sengat	https://dictionary.basabali.org/Sengat
Sengauk	sengauk	https://dictionary.basabali.org/Sengauk
Sengauk agrobag	sengauk agrobag	https://dictionary.basabali.org/Sengauk_agrobag
Senged	senged	https://dictionary.basabali.org/Senged
Sengeg	sengeg	https://dictionary.basabali.org/Sengeg
Sengega	sengega	https://dictionary.basabali.org/Sengega
Sengeh	sengeh	https://dictionary.basabali.org/Sengeh
Sengel	sengel	https://dictionary.basabali.org/Sengel
Sengeng	sengeng	https://dictionary.basabali.org/Sengeng
Sengeng-sengeng	sengeng-sengeng	https://dictionary.basabali.org/Sengeng-sengeng
Senget	senget	https://dictionary.basabali.org/Senget
Senggah	senggah	https://dictionary.basabali.org/Senggah
Senggang	senggang	https://dictionary.basabali.org/Senggang
Sengglad	sengglad	https://dictionary.basabali.org/Sengglad
Senggol	senggol	https://dictionary.basabali.org/Senggol
Senggot	senggot	https://dictionary.basabali.org/Senggot
Sengguh	sengguh	https://dictionary.basabali.org/Sengguh
Sengguhu	sengguhu	https://dictionary.basabali.org/Sengguhu
Sengir	sengir	https://dictionary.basabali.org/Sengir
Sengit	sengit	https://dictionary.basabali.org/Sengit
Sengka	sengka	https://dictionary.basabali.org/Sengka
Sengkala	sengkala	https://dictionary.basabali.org/Sengkala
Sengkala Pipit	sengkala pipit	https://dictionary.basabali.org/Sengkala_Pipit
Sengkang	sengkang	https://dictionary.basabali.org/Sengkang
Sengker	sengker	https://dictionary.basabali.org/Sengker
Sengketa	sengketa	https://dictionary.basabali.org/Sengketa
Sengkok	sengkok	https://dictionary.basabali.org/Sengkok
Sengkui	sengkui	https://dictionary.basabali.org/Sengkui
Sengkulung	sengkulung	https://dictionary.basabali.org/Sengkulung
Sengkuwung	sengkuwung	https://dictionary.basabali.org/Sengkuwung
Senglad	senglad	https://dictionary.basabali.org/Senglad
Sengoh	sengoh	https://dictionary.basabali.org/Sengoh
Sengsara	sengsara	https://dictionary.basabali.org/Sengsara
Sengseng	sengseng	https://dictionary.basabali.org/Sengseng
Sengsot	sengsot	https://dictionary.basabali.org/Sengsot
Seningan	seningan	https://dictionary.basabali.org/Seningan
Sentak	sentak	https://dictionary.basabali.org/Sentak
Sentana	sentana	https://dictionary.basabali.org/Sentana
Senteli	senteli	https://dictionary.basabali.org/Senteli
Senteng	senteng	https://dictionary.basabali.org/Senteng
Senter	senter	https://dictionary.basabali.org/Senter
Sentil	sentil	https://dictionary.basabali.org/Sentil
Sentir	sentir	https://dictionary.basabali.org/Sentir
Sentul	sentul	https://dictionary.basabali.org/Sentul
Senun	senun	https://dictionary.basabali.org/Senun
Seok	seok	https://dictionary.basabali.org/Seok
Sep	sep	https://dictionary.basabali.org/Sep
Sepaa	sepaa	https://dictionary.basabali.org/Sepaa
Sepah	sepah	https://dictionary.basabali.org/Sepah
Sepahang	sepahang	https://dictionary.basabali.org/Sepahang
Sepak	sepak	https://dictionary.basabali.org/Sepak
Sepan	sepan	https://dictionary.basabali.org/Sepan
Sepanan	sepanan	https://dictionary.basabali.org/Sepanan
Sepanduk	sepanduk	https://dictionary.basabali.org/Sepanduk
Sepang	sepang	https://dictionary.basabali.org/Sepang
Sepansepan	sepansepan	https://dictionary.basabali.org/Sepansepan
Sepat	sepat	https://dictionary.basabali.org/Sepat
Sepeda	sepeda	https://dictionary.basabali.org/Sepeda
Sepek	sepek	https://dictionary.basabali.org/Sepek
Sepel	sepel	https://dictionary.basabali.org/Sepel
Sepelan	sepelan	https://dictionary.basabali.org/Sepelan
Sepen	sepen	https://dictionary.basabali.org/Sepen
Sepenan	sepenan	https://dictionary.basabali.org/Sepenan
Sepeng	sepeng	https://dictionary.basabali.org/Sepeng
Seperti;	seperti;	https://dictionary.basabali.org/Seperti;
Sepet	sepet	https://dictionary.basabali.org/Sepet
Sepet-sepet	sepet-sepet	https://dictionary.basabali.org/Sepet-sepet
Sepi	sepi	https://dictionary.basabali.org/Sepi
Sepi jampi	sepi jampi	https://dictionary.basabali.org/Sepi_jampi
Sepian	sepian	https://dictionary.basabali.org/Sepian
Seping	seping	https://dictionary.basabali.org/Seping
Sepingan	sepingan	https://dictionary.basabali.org/Sepingan
Sepit	sepit	https://dictionary.basabali.org/Sepit
Sepsep	sepsep	https://dictionary.basabali.org/Sepsep
Sepsepa	sepsepa	https://dictionary.basabali.org/Sepsepa
Sepuaspuas	sepuaspuas	https://dictionary.basabali.org/Sepuaspuas
Sepuh	sepuh	https://dictionary.basabali.org/Sepuh
Sepuk	sepuk	https://dictionary.basabali.org/Sepuk
Sepukin	sepukin	https://dictionary.basabali.org/Sepukin
Sepur	sepur	https://dictionary.basabali.org/Sepur
Sera	sera	https://dictionary.basabali.org/Sera
Serah	serah	https://dictionary.basabali.org/Serah
Serak	serak	https://dictionary.basabali.org/Serak
Serandu	serandu	https://dictionary.basabali.org/Serandu
Serangpang	serangpang	https://dictionary.basabali.org/Serangpang
Serani	serani	https://dictionary.basabali.org/Serani
Serapah	serapah	https://dictionary.basabali.org/Serapah
Serat	serat	https://dictionary.basabali.org/Serat
Serawah	serawah	https://dictionary.basabali.org/Serawah
Seraya	seraya	https://dictionary.basabali.org/Seraya
Serbet	serbet	https://dictionary.basabali.org/Serbet
Serbuk	serbuk	https://dictionary.basabali.org/Serbuk
Serdadu	serdadu	https://dictionary.basabali.org/Serdadu
Sere	sere	https://dictionary.basabali.org/Sere
Sereg	sereg	https://dictionary.basabali.org/Sereg
Serem	serem	https://dictionary.basabali.org/Serem
Serempet	serempet	https://dictionary.basabali.org/Serempet
Serep	serep	https://dictionary.basabali.org/Serep
Seret	seret	https://dictionary.basabali.org/Seret
Seretang	seretang	https://dictionary.basabali.org/Seretang
Seretin	seretin	https://dictionary.basabali.org/Seretin
Seri Asih	seri asih	https://dictionary.basabali.org/Seri_Asih
Seri Gati	seri gati	https://dictionary.basabali.org/Seri_Gati
Seri Kurda	seri kurda	https://dictionary.basabali.org/Seri_Kurda
Seri Tuwuh	seri tuwuh	https://dictionary.basabali.org/Seri_Tuwuh
Seriat-seriut	seriat-seriut	https://dictionary.basabali.org/Seriat-seriut
Serikaya	serikaya	https://dictionary.basabali.org/Serikaya
Sering	sering	https://dictionary.basabali.org/Sering
Sero	sero	https://dictionary.basabali.org/Sero
Serojeng	serojeng	https://dictionary.basabali.org/Serojeng
Serok	serok	https://dictionary.basabali.org/Serok
Serombotan	serombotan	https://dictionary.basabali.org/Serombotan
Serorot	serorot	https://dictionary.basabali.org/Serorot
Seruni	seruni	https://dictionary.basabali.org/Seruni
Serut	serut	https://dictionary.basabali.org/Serut
Serutu	serutu	https://dictionary.basabali.org/Serutu
Sesa	sesa	https://dictionary.basabali.org/Sesa
Sesaduran	sesaduran	https://dictionary.basabali.org/Sesaduran
Sesai	sesai	https://dictionary.basabali.org/Sesai
Sesai-sai	sesai-sai	https://dictionary.basabali.org/Sesai-sai
Sesampiran	sesampiran	https://dictionary.basabali.org/Sesampiran
Sesana	sesana	https://dictionary.basabali.org/Sesana
Sesangi	sesangi	https://dictionary.basabali.org/Sesangi
Sesapi	sesapi	https://dictionary.basabali.org/Sesapi
Sesari	sesari	https://dictionary.basabali.org/Sesari
Sesarik	sesarik	https://dictionary.basabali.org/Sesarik
Sesaupan	sesaupan	https://dictionary.basabali.org/Sesaupan
Sesawakan	sesawakan	https://dictionary.basabali.org/Sesawakan
Sesawangan	sesawangan	https://dictionary.basabali.org/Sesawangan
Sesayangang	sesayangang	https://dictionary.basabali.org/Sesayangang
Seseb	seseb	https://dictionary.basabali.org/Seseb
Seseban	seseban	https://dictionary.basabali.org/Seseban
Sesebang	sesebang	https://dictionary.basabali.org/Sesebang
Sesebanga	sesebanga	https://dictionary.basabali.org/Sesebanga
Sesebitan	sesebitan	https://dictionary.basabali.org/Sesebitan
Sesed	sesed	https://dictionary.basabali.org/Sesed
Sesedep	sesedep	https://dictionary.basabali.org/Sesedep
Seseetan	seseetan	https://dictionary.basabali.org/Seseetan
Seseh	seseh	https://dictionary.basabali.org/Seseh
Seselan	seselan	https://dictionary.basabali.org/Seselan
Seselat	seselat	https://dictionary.basabali.org/Seselat
Seselet	seselet	https://dictionary.basabali.org/Seselet
Seselingan	seselingan	https://dictionary.basabali.org/Seselingan
Sesemi	sesemi	https://dictionary.basabali.org/Sesemi
Sesenden	sesenden	https://dictionary.basabali.org/Sesenden
Sesenggakan	sesenggakan	https://dictionary.basabali.org/Sesenggakan
Sesep	sesep	https://dictionary.basabali.org/Sesep
Seserutan	seserutan	https://dictionary.basabali.org/Seserutan
Sesetipan	sesetipan	https://dictionary.basabali.org/Sesetipan
Sesidan-sidan	sesidan-sidan	https://dictionary.basabali.org/Sesidan-sidan
Sesimbing	sesimbing	https://dictionary.basabali.org/Sesimbing
Sesimping	sesimping	https://dictionary.basabali.org/Sesimping
Sesingidan	sesingidan	https://dictionary.basabali.org/Sesingidan
Sesirep	sesirep	https://dictionary.basabali.org/Sesirep
Sesolahan	sesolahan	https://dictionary.basabali.org/Sesolahan
Sesonggan	sesonggan	https://dictionary.basabali.org/Sesonggan
Sesorog	sesorog	https://dictionary.basabali.org/Sesorog
Sesulit	sesulit	https://dictionary.basabali.org/Sesulit
Sesuratan	sesuratan	https://dictionary.basabali.org/Sesuratan
Sesuruh	sesuruh	https://dictionary.basabali.org/Sesuruh
Sesuunan	sesuunan	https://dictionary.basabali.org/Sesuunan
Set	set	https://dictionary.basabali.org/Set
Setang	setang	https://dictionary.basabali.org/Setang
Setata	setata	https://dictionary.basabali.org/Setata
Setel	setel	https://dictionary.basabali.org/Setel
Setelan	setelan	https://dictionary.basabali.org/Setelan
Setenles	setenles	https://dictionary.basabali.org/Setenles
Seterep	seterep	https://dictionary.basabali.org/Seterep
Setiman	setiman	https://dictionary.basabali.org/Setiman
Setipan	setipan	https://dictionary.basabali.org/Setipan
Setir	setir	https://dictionary.basabali.org/Setir
Setor	setor	https://dictionary.basabali.org/Setor
Setra	setra	https://dictionary.basabali.org/Setra
Setra bajangan	setra bajangan	https://dictionary.basabali.org/Setra_bajangan
Setrip	setrip	https://dictionary.basabali.org/Setrip
Setrum	setrum	https://dictionary.basabali.org/Setrum
Setset	setset	https://dictionary.basabali.org/Setset
Setsetan	setsetan	https://dictionary.basabali.org/Setsetan
Setuju	setuju	https://dictionary.basabali.org/Setuju
Setut	setut	https://dictionary.basabali.org/Setut
Sewa	sewa	https://dictionary.basabali.org/Sewa
Sewai-wai	sewai-wai	https://dictionary.basabali.org/Sewai-wai
Sewaka	sewaka	https://dictionary.basabali.org/Sewaka
Sewala	sewala	https://dictionary.basabali.org/Sewala
Sewambara	sewambara	https://dictionary.basabali.org/Sewambara
Shok	shok	https://dictionary.basabali.org/Shok
Si	si	https://dictionary.basabali.org/Si
Sia	sia	https://dictionary.basabali.org/Sia
Sia bangsit	sia bangsit	https://dictionary.basabali.org/Sia_bangsit
Sia dasa	sia dasa	https://dictionary.basabali.org/Sia_dasa
Siag	siag	https://dictionary.basabali.org/Siag
Siaga	siaga	https://dictionary.basabali.org/Siaga
Siagan	siagan	https://dictionary.basabali.org/Siagan
Siagayang	siagayang	https://dictionary.basabali.org/Siagayang
Sial	sial	https://dictionary.basabali.org/Sial
Siam	siam	https://dictionary.basabali.org/Siam
Sian	sian	https://dictionary.basabali.org/Sian
Siangolas	siangolas	https://dictionary.basabali.org/Siangolas
Siap	siap	https://dictionary.basabali.org/Siap
Siap bakakap	siap bakakap	https://dictionary.basabali.org/Siap_bakakap
Siap-siapan	siap-siapan	https://dictionary.basabali.org/Siap-siapan
Siape	siape	https://dictionary.basabali.org/Siape
Siarane	siarane	https://dictionary.basabali.org/Siarane
Siat	siat	https://dictionary.basabali.org/Siat
Siat yeh	siat yeh	https://dictionary.basabali.org/Siat_yeh
Sibak	sibak	https://dictionary.basabali.org/Sibak
Sibakan	sibakan	https://dictionary.basabali.org/Sibakan
Sibarengan	sibarengan	https://dictionary.basabali.org/Sibarengan
Sibuh	sibuh	https://dictionary.basabali.org/Sibuh
Sibuh pepek	sibuh pepek	https://dictionary.basabali.org/Sibuh_pepek
Sid	sid	https://dictionary.basabali.org/Sid
Sida	sida	https://dictionary.basabali.org/Sida
Sidem	sidem	https://dictionary.basabali.org/Sidem
Sidi	sidi	https://dictionary.basabali.org/Sidi
Sidiwakia	sidiwakia	https://dictionary.basabali.org/Sidiwakia
Sidu	sidu	https://dictionary.basabali.org/Sidu
Sidunag	sidunag	https://dictionary.basabali.org/Sidunag
Siduur	siduur	https://dictionary.basabali.org/Siduur
Siep	siep	https://dictionary.basabali.org/Siep
Sig	sig	https://dictionary.basabali.org/Sig
Siga	siga	https://dictionary.basabali.org/Siga
Sigane	sigane	https://dictionary.basabali.org/Sigane
Sigar	sigar	https://dictionary.basabali.org/Sigar
Sigar Mangsi	sigar mangsi	https://dictionary.basabali.org/Sigar_Mangsi
Sigar Penyalin	sigar penyalin	https://dictionary.basabali.org/Sigar_Penyalin
Sigi	sigi	https://dictionary.basabali.org/Sigi
Sigihan	sigihan	https://dictionary.basabali.org/Sigihan
Sigit	sigit	https://dictionary.basabali.org/Sigit
Sigsig	sigsig	https://dictionary.basabali.org/Sigsig
Sigsigan	sigsigan	https://dictionary.basabali.org/Sigsigan
Sigug	sigug	https://dictionary.basabali.org/Sigug
Sih	sih	https://dictionary.basabali.org/Sih
Sii	sii	https://dictionary.basabali.org/Sii
Sik	sik	https://dictionary.basabali.org/Sik
Sikat	sikat	https://dictionary.basabali.org/Sikat
Sikep	sikep	https://dictionary.basabali.org/Sikep
Siki	siki	https://dictionary.basabali.org/Siki
Siksa	siksa	https://dictionary.basabali.org/Siksa
Siksaan	siksaan	https://dictionary.basabali.org/Siksaan
Siksik	siksik	https://dictionary.basabali.org/Siksik
Siku	siku	https://dictionary.basabali.org/Siku
Siku-sikuan	siku-sikuan	https://dictionary.basabali.org/Siku-sikuan
Sikut	sikut	https://dictionary.basabali.org/Sikut
Sikut kuping	sikut kuping	https://dictionary.basabali.org/Sikut_kuping
Sikutang	sikutang	https://dictionary.basabali.org/Sikutang
Sila	sila	https://dictionary.basabali.org/Sila
Silak siluk	silak siluk	https://dictionary.basabali.org/Silak_siluk
Silang	silang	https://dictionary.basabali.org/Silang
Silap	silap	https://dictionary.basabali.org/Silap
Silet	silet	https://dictionary.basabali.org/Silet
Silib	silib	https://dictionary.basabali.org/Silib
Silibang	silibang	https://dictionary.basabali.org/Silibang
Silih	silih	https://dictionary.basabali.org/Silih
Silih Tunggil	silih tunggil	https://dictionary.basabali.org/Silih_Tunggil
Silih sinunggil	silih sinunggil	https://dictionary.basabali.org/Silih_sinunggil
Silik	silik	https://dictionary.basabali.org/Silik
Silikaya jawa	silikaya jawa	https://dictionary.basabali.org/Silikaya_jawa
Sililata	sililata	https://dictionary.basabali.org/Sililata
Silingkaya	silingkaya	https://dictionary.basabali.org/Silingkaya
Silir	silir	https://dictionary.basabali.org/Silir
Silit	silit	https://dictionary.basabali.org/Silit
Silsila	silsila	https://dictionary.basabali.org/Silsila
Siluman	siluman	https://dictionary.basabali.org/Siluman
Silur	silur	https://dictionary.basabali.org/Silur
Silur bangbang	silur bangbang	https://dictionary.basabali.org/Silur_bangbang
Sima	sima	https://dictionary.basabali.org/Sima
Sima krama	sima krama	https://dictionary.basabali.org/Sima_krama
Simala kama	simala kama	https://dictionary.basabali.org/Simala_kama
Simalu	simalu	https://dictionary.basabali.org/Simalu
Simbar	simbar	https://dictionary.basabali.org/Simbar
Simbar layangan	simbar layangan	https://dictionary.basabali.org/Simbar_layangan
Simbuh	simbuh	https://dictionary.basabali.org/Simbuh
Simpang	simpang	https://dictionary.basabali.org/Simpang
Simpen	simpen	https://dictionary.basabali.org/Simpen
Simsim	simsim	https://dictionary.basabali.org/Simsim
Simso	simso	https://dictionary.basabali.org/Simso
Sinah	sinah	https://dictionary.basabali.org/Sinah
Sinah dangin	sinah dangin	https://dictionary.basabali.org/Sinah_dangin
Sinahang	sinahang	https://dictionary.basabali.org/Sinahang
Sinambi	sinambi	https://dictionary.basabali.org/Sinambi
Sinambung	sinambung	https://dictionary.basabali.org/Sinambung
Sinampura	sinampura	https://dictionary.basabali.org/Sinampura
Sinang	sinang	https://dictionary.basabali.org/Sinang
Sinangkala	sinangkala	https://dictionary.basabali.org/Sinangkala
Sinar	sinar	https://dictionary.basabali.org/Sinar
Sinarengan	sinarengan	https://dictionary.basabali.org/Sinarengan
Sinaut	sinaut	https://dictionary.basabali.org/Sinaut
Sindrong	sindrong	https://dictionary.basabali.org/Sindrong
Sinduk	sinduk	https://dictionary.basabali.org/Sinduk
Sineb	sineb	https://dictionary.basabali.org/Sineb
Sing	sing	https://dictionary.basabali.org/Sing
Sing baanga	sing baanga	https://dictionary.basabali.org/Sing_baanga
Sing dadi	sing dadi	https://dictionary.basabali.org/Sing_dadi
Sing kober	sing kober	https://dictionary.basabali.org/Sing_kober
Sing kénkén	sing kénkén	https://dictionary.basabali.org/Sing_k%C3%A9nk%C3%A9n
Sing ngelapang	sing ngelapang	https://dictionary.basabali.org/Sing_ngelapang
Sing ngenah	sing ngenah	https://dictionary.basabali.org/Sing_ngenah
Sing nuutang	sing nuutang	https://dictionary.basabali.org/Sing_nuutang
Singal	singal	https://dictionary.basabali.org/Singal
Singal Tulak	singal tulak	https://dictionary.basabali.org/Singal_Tulak
Singamerta	singamerta	https://dictionary.basabali.org/Singamerta
Singapur	singapur	https://dictionary.basabali.org/Singapur
Singeh	singeh	https://dictionary.basabali.org/Singeh
Singgah	singgah	https://dictionary.basabali.org/Singgah
Singgih	singgih	https://dictionary.basabali.org/Singgih
Singid	singid	https://dictionary.basabali.org/Singid
Singidang	singidang	https://dictionary.basabali.org/Singidang
Singidanga	singidanga	https://dictionary.basabali.org/Singidanga
Singit	singit	https://dictionary.basabali.org/Singit
Singit kangin	singit kangin	https://dictionary.basabali.org/Singit_kangin
Singit kauh	singit kauh	https://dictionary.basabali.org/Singit_kauh
Singkal	singkal	https://dictionary.basabali.org/Singkal
Singkaon	singkaon	https://dictionary.basabali.org/Singkaon
Singkuh	singkuh	https://dictionary.basabali.org/Singkuh
Singkung	singkung	https://dictionary.basabali.org/Singkung
Singrong	singrong	https://dictionary.basabali.org/Singrong
Singrong jangkep	singrong jangkep	https://dictionary.basabali.org/Singrong_jangkep
Singsal	singsal	https://dictionary.basabali.org/Singsal
Singsing	singsing	https://dictionary.basabali.org/Singsing
Sinjang	sinjang	https://dictionary.basabali.org/Sinjang
Sinom	sinom	https://dictionary.basabali.org/Sinom
Sinta	sinta	https://dictionary.basabali.org/Sinta
Sintia	sintia	https://dictionary.basabali.org/Sintia
Sintok	sintok	https://dictionary.basabali.org/Sintok
Sintru	sintru	https://dictionary.basabali.org/Sintru
Sios	sios	https://dictionary.basabali.org/Sios
Siower	siower	https://dictionary.basabali.org/Siower
Sipah	sipah	https://dictionary.basabali.org/Sipah
Sipat	sipat	https://dictionary.basabali.org/Sipat
Sipata	sipata	https://dictionary.basabali.org/Sipata
Sipenan	sipenan	https://dictionary.basabali.org/Sipenan
Sipeng	sipeng	https://dictionary.basabali.org/Sipeng
Sipit	sipit	https://dictionary.basabali.org/Sipit
Sipok	sipok	https://dictionary.basabali.org/Sipok
Sipsip	sipsip	https://dictionary.basabali.org/Sipsip
Sipta	sipta	https://dictionary.basabali.org/Sipta
Sira	sira	https://dictionary.basabali.org/Sira
Sirah	sirah	https://dictionary.basabali.org/Sirah
Siram	siram	https://dictionary.basabali.org/Siram
Sirang	sirang	https://dictionary.basabali.org/Sirang
Sirat	sirat	https://dictionary.basabali.org/Sirat
Sirat Maya	sirat maya	https://dictionary.basabali.org/Sirat_Maya
Siratmaya	siratmaya	https://dictionary.basabali.org/Siratmaya
Siratnaya	siratnaya	https://dictionary.basabali.org/Siratnaya
Sirep	sirep	https://dictionary.basabali.org/Sirep
Sirep-sirepan	sirep-sirepan	https://dictionary.basabali.org/Sirep-sirepan
Sirepang	sirepang	https://dictionary.basabali.org/Sirepang
Sirigang	sirigang	https://dictionary.basabali.org/Sirigang
Sirik	sirik	https://dictionary.basabali.org/Sirik
Sirikan	sirikan	https://dictionary.basabali.org/Sirikan
Siring	siring	https://dictionary.basabali.org/Siring
Sirna	sirna	https://dictionary.basabali.org/Sirna
Sirsir	sirsir	https://dictionary.basabali.org/Sirsir
Sirsira	sirsira	https://dictionary.basabali.org/Sirsira
Sisa	sisa	https://dictionary.basabali.org/Sisa
Sisan	sisan	https://dictionary.basabali.org/Sisan
Sisi	sisi	https://dictionary.basabali.org/Sisi
Sisia	sisia	https://dictionary.basabali.org/Sisia
Sisig	sisig	https://dictionary.basabali.org/Sisig
Sisik	sisik	https://dictionary.basabali.org/Sisik
Sisin	sisin	https://dictionary.basabali.org/Sisin
Sisip	sisip	https://dictionary.basabali.org/Sisip
Sisir	sisir	https://dictionary.basabali.org/Sisir
Sisit	sisit	https://dictionary.basabali.org/Sisit
Sisitan	sisitan	https://dictionary.basabali.org/Sisitan
Sita	sita	https://dictionary.basabali.org/Sita
Sita Resmi	sita resmi	https://dictionary.basabali.org/Sita_Resmi
Siteng	siteng	https://dictionary.basabali.org/Siteng
Siteng-siteng	siteng-siteng	https://dictionary.basabali.org/Siteng-siteng
Sitsit	sitsit	https://dictionary.basabali.org/Sitsit
Siu	siu	https://dictionary.basabali.org/Siu
Siur	siur	https://dictionary.basabali.org/Siur
Siut	siut	https://dictionary.basabali.org/Siut
Siwa	siwa	https://dictionary.basabali.org/Siwa
Siwadwara	siwadwara	https://dictionary.basabali.org/Siwadwara
Siwamba	siwamba	https://dictionary.basabali.org/Siwamba
Siweng	siweng	https://dictionary.basabali.org/Siweng
Siwer	siwer	https://dictionary.basabali.org/Siwer
Siwi	siwi	https://dictionary.basabali.org/Siwi
Siwina	siwina	https://dictionary.basabali.org/Siwina
Siwur	siwur	https://dictionary.basabali.org/Siwur
Siyulan	siyulan	https://dictionary.basabali.org/Siyulan
Skil	skil	https://dictionary.basabali.org/Skil
Skop	skop	https://dictionary.basabali.org/Skop
Skur	skur	https://dictionary.basabali.org/Skur
Slaka	slaka	https://dictionary.basabali.org/Slaka
Slambit	slambit	https://dictionary.basabali.org/Slambit
Slamet	slamet	https://dictionary.basabali.org/Slamet
Slampar	slampar	https://dictionary.basabali.org/Slampar
Slawu	slawu	https://dictionary.basabali.org/Slawu
Slebseb	slebseb	https://dictionary.basabali.org/Slebseb
Sledat-sledet	sledat-sledet	https://dictionary.basabali.org/Sledat-sledet
Sledet	sledet	https://dictionary.basabali.org/Sledet
Sleka	sleka	https://dictionary.basabali.org/Sleka
Slekung	slekung	https://dictionary.basabali.org/Slekung
Slelegang	slelegang	https://dictionary.basabali.org/Slelegang
Slempot	slempot	https://dictionary.basabali.org/Slempot
Slendang	slendang	https://dictionary.basabali.org/Slendang
Slendor	slendor	https://dictionary.basabali.org/Slendor
Slendro	slendro	https://dictionary.basabali.org/Slendro
Sleneg	sleneg	https://dictionary.basabali.org/Sleneg
Slenger	slenger	https://dictionary.basabali.org/Slenger
Slepan	slepan	https://dictionary.basabali.org/Slepan
Slibah	slibah	https://dictionary.basabali.org/Slibah
Sliksik	sliksik	https://dictionary.basabali.org/Sliksik
Sliksikin	sliksikin	https://dictionary.basabali.org/Sliksikin
Slikur	slikur	https://dictionary.basabali.org/Slikur
Slimped	slimped	https://dictionary.basabali.org/Slimped
Slimpedan	slimpedan	https://dictionary.basabali.org/Slimpedan
Slimpet	slimpet	https://dictionary.basabali.org/Slimpet
Slimputan	slimputan	https://dictionary.basabali.org/Slimputan
Slingkad	slingkad	https://dictionary.basabali.org/Slingkad
Slip	slip	https://dictionary.basabali.org/Slip
Slipet	slipet	https://dictionary.basabali.org/Slipet
Sliwar-sliwer	sliwar-sliwer	https://dictionary.basabali.org/Sliwar-sliwer
Sloka	sloka	https://dictionary.basabali.org/Sloka
Sloki	sloki	https://dictionary.basabali.org/Sloki
Slonding	slonding	https://dictionary.basabali.org/Slonding
Slopi	slopi	https://dictionary.basabali.org/Slopi
Slumpah	slumpah	https://dictionary.basabali.org/Slumpah
Slumutin	slumutin	https://dictionary.basabali.org/Slumutin
Slungsung	slungsung	https://dictionary.basabali.org/Slungsung
Smir	smir	https://dictionary.basabali.org/Smir
Soang-soang	soang-soang	https://dictionary.basabali.org/Soang-soang
Sobima Tantang	sobima tantang	https://dictionary.basabali.org/Sobima_Tantang
Sobrat	sobrat	https://dictionary.basabali.org/Sobrat
Soca	soca	https://dictionary.basabali.org/Soca
Sod	sod	https://dictionary.basabali.org/Sod
Soda	soda	https://dictionary.basabali.org/Soda
Sodaan	sodaan	https://dictionary.basabali.org/Sodaan
Sodagar	sodagar	https://dictionary.basabali.org/Sodagar
Soga	soga	https://dictionary.basabali.org/Soga
Sogok	sogok	https://dictionary.basabali.org/Sogok
Sogol	sogol	https://dictionary.basabali.org/Sogol
Sok	sok	https://dictionary.basabali.org/Sok
Soka	soka	https://dictionary.basabali.org/Soka
Sokasi	sokasi	https://dictionary.basabali.org/Sokasi
Sokong	sokong	https://dictionary.basabali.org/Sokong
Soksokan	soksokan	https://dictionary.basabali.org/Soksokan
Solah	solah	https://dictionary.basabali.org/Solah
Solahne	solahne	https://dictionary.basabali.org/Solahne
Solas	solas	https://dictionary.basabali.org/Solas
Soleh	soleh	https://dictionary.basabali.org/Soleh
Soli	soli	https://dictionary.basabali.org/Soli
Solocor	solocor	https://dictionary.basabali.org/Solocor
Soloh	soloh	https://dictionary.basabali.org/Soloh
Soma	soma	https://dictionary.basabali.org/Soma
Soma Andacari	soma andacari	https://dictionary.basabali.org/Soma_Andacari
Soma ribek	soma ribek	https://dictionary.basabali.org/Soma_ribek
Somah	somah	https://dictionary.basabali.org/Somah
Sombah	sombah	https://dictionary.basabali.org/Sombah
Sombong	sombong	https://dictionary.basabali.org/Sombong
Somi	somi	https://dictionary.basabali.org/Somi
Somia	somia	https://dictionary.basabali.org/Somia
Sompe	sompe	https://dictionary.basabali.org/Sompe
Sonar	sonar	https://dictionary.basabali.org/Sonar
Sondol	sondol	https://dictionary.basabali.org/Sondol
Song	song	https://dictionary.basabali.org/Song
Songembah	songembah	https://dictionary.basabali.org/Songembah
Songgeng	songgeng	https://dictionary.basabali.org/Songgeng
Songket	songket	https://dictionary.basabali.org/Songket
Songo	songo	https://dictionary.basabali.org/Songo
Songseng	songseng	https://dictionary.basabali.org/Songseng
Sonokeling	sonokeling	https://dictionary.basabali.org/Sonokeling
Sonteng	sonteng	https://dictionary.basabali.org/Sonteng
Sontok	sontok	https://dictionary.basabali.org/Sontok
Sopacara	sopacara	https://dictionary.basabali.org/Sopacara
Sopan	sopan	https://dictionary.basabali.org/Sopan
Sopanang	sopanang	https://dictionary.basabali.org/Sopanang
Sor singgih	sor singgih	https://dictionary.basabali.org/Sor_singgih
Soran	soran	https://dictionary.basabali.org/Soran
Sore	sore	https://dictionary.basabali.org/Sore
Soroh	soroh	https://dictionary.basabali.org/Soroh
Sorot	sorot	https://dictionary.basabali.org/Sorot
Sosor	sosor	https://dictionary.basabali.org/Sosor
Sotan	sotan	https://dictionary.basabali.org/Sotan
Soto	soto	https://dictionary.basabali.org/Soto
Sotong	sotong	https://dictionary.basabali.org/Sotong
Soyor	soyor	https://dictionary.basabali.org/Soyor
Spatula	spatula	https://dictionary.basabali.org/Spatula
Spildren	spildren	https://dictionary.basabali.org/Spildren
Spion	spion	https://dictionary.basabali.org/Spion
Split	split	https://dictionary.basabali.org/Split
Spon	spon	https://dictionary.basabali.org/Spon
Sprai	sprai	https://dictionary.basabali.org/Sprai
Srampang	srampang	https://dictionary.basabali.org/Srampang
Srana	srana	https://dictionary.basabali.org/Srana
Sranta	sranta	https://dictionary.basabali.org/Sranta
Sranting	sranting	https://dictionary.basabali.org/Sranting
Srapah	srapah	https://dictionary.basabali.org/Srapah
Srebi	srebi	https://dictionary.basabali.org/Srebi
Sredadu	sredadu	https://dictionary.basabali.org/Sredadu
Sregep	sregep	https://dictionary.basabali.org/Sregep
Sregepe	sregepe	https://dictionary.basabali.org/Sregepe
Sremeg	sremeg	https://dictionary.basabali.org/Sremeg
Srempet	srempet	https://dictionary.basabali.org/Srempet
Sri	sri	https://dictionary.basabali.org/Sri
Sri Bakta	sri bakta	https://dictionary.basabali.org/Sri_Bakta
Sri Prapta	sri prapta	https://dictionary.basabali.org/Sri_Prapta
Sri Sedana	sri sedana	https://dictionary.basabali.org/Sri_Sedana
Sri muntab	sri muntab	https://dictionary.basabali.org/Sri_muntab
Sriap-sriep	sriap-sriep	https://dictionary.basabali.org/Sriap-sriep
Sriet	sriet	https://dictionary.basabali.org/Sriet
Srikaya	srikaya	https://dictionary.basabali.org/Srikaya
Srikonta	srikonta	https://dictionary.basabali.org/Srikonta
Srilaba Brahma Widadara	srilaba brahma widadara	https://dictionary.basabali.org/Srilaba_Brahma_Widadara
Srimalaba	srimalaba	https://dictionary.basabali.org/Srimalaba
Srimangepel	srimangepel	https://dictionary.basabali.org/Srimangepel
Srimawa Sarat Kawasa	srimawa sarat kawasa	https://dictionary.basabali.org/Srimawa_Sarat_Kawasa
Srinata	srinata	https://dictionary.basabali.org/Srinata
Srining-srining	srining-srining	https://dictionary.basabali.org/Srining-srining
Srinugraha	srinugraha	https://dictionary.basabali.org/Srinugraha
Sriok	sriok	https://dictionary.basabali.org/Sriok
Sririt	sririt	https://dictionary.basabali.org/Sririt
Srita	srita	https://dictionary.basabali.org/Srita
Sritumpuk	sritumpuk	https://dictionary.basabali.org/Sritumpuk
Sriug	sriug	https://dictionary.basabali.org/Sriug
Srobong	srobong	https://dictionary.basabali.org/Srobong
Srogsog	srogsog	https://dictionary.basabali.org/Srogsog
Srojeng	srojeng	https://dictionary.basabali.org/Srojeng
Sromotan	sromotan	https://dictionary.basabali.org/Sromotan
Srosob	srosob	https://dictionary.basabali.org/Srosob
Sruyung	sruyung	https://dictionary.basabali.org/Sruyung
Stagen	stagen	https://dictionary.basabali.org/Stagen
Stamani	stamani	https://dictionary.basabali.org/Stamani
Steling	steling	https://dictionary.basabali.org/Steling
Stiwel	stiwel	https://dictionary.basabali.org/Stiwel
Strongking	strongking	https://dictionary.basabali.org/Strongking
Strum	strum	https://dictionary.basabali.org/Strum
Stéwel	stéwel	https://dictionary.basabali.org/St%C3%A9wel
Suah	suah	https://dictionary.basabali.org/Suah
Suah angurubin gusih	suah angurubin gusih	https://dictionary.basabali.org/Suah_angurubin_gusih
Suah petat	suah petat	https://dictionary.basabali.org/Suah_petat
Suah serit	suah serit	https://dictionary.basabali.org/Suah_serit
Suah slengkung	suah slengkung	https://dictionary.basabali.org/Suah_slengkung
Suah tanduk	suah tanduk	https://dictionary.basabali.org/Suah_tanduk
Suang-suang	suang-suang	https://dictionary.basabali.org/Suang-suang
Suara	suara	https://dictionary.basabali.org/Suara
Suarga	suarga	https://dictionary.basabali.org/Suarga
Suba	suba	https://dictionary.basabali.org/Suba
Suba colek pamor	suba colek pamor	https://dictionary.basabali.org/Suba_colek_pamor
Suba manggala	suba manggala	https://dictionary.basabali.org/Suba_manggala
Suba saja	suba saja	https://dictionary.basabali.org/Suba_saja
Subak	subak	https://dictionary.basabali.org/Subak
Subakti	subakti	https://dictionary.basabali.org/Subakti
Subali	subali	https://dictionary.basabali.org/Subali
Subandar	subandar	https://dictionary.basabali.org/Subandar
Subang	subang	https://dictionary.basabali.org/Subang
Subaya	subaya	https://dictionary.basabali.org/Subaya
Subeng	subeng	https://dictionary.basabali.org/Subeng
Subeng busung	subeng busung	https://dictionary.basabali.org/Subeng_busung
Subeng clorot	subeng clorot	https://dictionary.basabali.org/Subeng_clorot
Subeng ental	subeng ental	https://dictionary.basabali.org/Subeng_ental
Subeng mas	subeng mas	https://dictionary.basabali.org/Subeng_mas
Subeng selaka	subeng selaka	https://dictionary.basabali.org/Subeng_selaka
Subeng sungsungan	subeng sungsungan	https://dictionary.basabali.org/Subeng_sungsungan
Subeng-subeng	subeng-subeng	https://dictionary.basabali.org/Subeng-subeng
Subuk	subuk	https://dictionary.basabali.org/Subuk
Suci	suci	https://dictionary.basabali.org/Suci
Suci laksana	suci laksana	https://dictionary.basabali.org/Suci_laksana
Suda	suda	https://dictionary.basabali.org/Suda
Sudamala	sudamala	https://dictionary.basabali.org/Sudamala
Sudamalung	sudamalung	https://dictionary.basabali.org/Sudamalung
Sudang	sudang	https://dictionary.basabali.org/Sudang
Sudang-sudangan	sudang-sudangan	https://dictionary.basabali.org/Sudang-sudangan
Sudap-sudap	sudap-sudap	https://dictionary.basabali.org/Sudap-sudap
Sudat	sudat	https://dictionary.basabali.org/Sudat
Sudi	sudi	https://dictionary.basabali.org/Sudi
Sudi widani	sudi widani	https://dictionary.basabali.org/Sudi_widani
Sudira	sudira	https://dictionary.basabali.org/Sudira
Sudra	sudra	https://dictionary.basabali.org/Sudra
Suduk	suduk	https://dictionary.basabali.org/Suduk
Sudut	sudut	https://dictionary.basabali.org/Sudut
Sue	sue	https://dictionary.basabali.org/Sue
Sueca	sueca	https://dictionary.basabali.org/Sueca
Sugi	sugi	https://dictionary.basabali.org/Sugi
Sugian	sugian	https://dictionary.basabali.org/Sugian
Sugih	sugih	https://dictionary.basabali.org/Sugih
Sugihan bali	sugihan bali	https://dictionary.basabali.org/Sugihan_bali
Sugra	sugra	https://dictionary.basabali.org/Sugra
Sugriwa	sugriwa	https://dictionary.basabali.org/Sugriwa
Suguh	suguh	https://dictionary.basabali.org/Suguh
Suguhan	suguhan	https://dictionary.basabali.org/Suguhan
Suhu	suhu	https://dictionary.basabali.org/Suhu
Sujati	sujati	https://dictionary.basabali.org/Sujati
Sujatine	sujatine	https://dictionary.basabali.org/Sujatine
Sujatinne	sujatinne	https://dictionary.basabali.org/Sujatinne
Sujatinyane	sujatinyane	https://dictionary.basabali.org/Sujatinyane
Sujen	sujen	https://dictionary.basabali.org/Sujen
Sujenan	sujenan	https://dictionary.basabali.org/Sujenan
Suka	suka	https://dictionary.basabali.org/Suka
Suka jaya kertaka	suka jaya kertaka	https://dictionary.basabali.org/Suka_jaya_kertaka
Sukak	sukak	https://dictionary.basabali.org/Sukak
Sukan	sukan	https://dictionary.basabali.org/Sukan
Sukeh	sukeh	https://dictionary.basabali.org/Sukeh
Suket	suket	https://dictionary.basabali.org/Suket
Sukik	sukik	https://dictionary.basabali.org/Sukik
Sukil	sukil	https://dictionary.basabali.org/Sukil
Sukla	sukla	https://dictionary.basabali.org/Sukla
Suklanita	suklanita	https://dictionary.basabali.org/Suklanita
Sukra	sukra	https://dictionary.basabali.org/Sukra
Suksma	suksma	https://dictionary.basabali.org/Suksma
Suksrah	suksrah	https://dictionary.basabali.org/Suksrah
Sukun	sukun	https://dictionary.basabali.org/Sukun
Sukup	sukup	https://dictionary.basabali.org/Sukup
Sukuran	sukuran	https://dictionary.basabali.org/Sukuran
Sulam	sulam	https://dictionary.basabali.org/Sulam
Suled	suled	https://dictionary.basabali.org/Suled
Suling	suling	https://dictionary.basabali.org/Suling
Sulinggih	sulinggih	https://dictionary.basabali.org/Sulinggih
Sulub	sulub	https://dictionary.basabali.org/Sulub
Suluh	suluh	https://dictionary.basabali.org/Suluh
Sulur	sulur	https://dictionary.basabali.org/Sulur
Sumaba	sumaba	https://dictionary.basabali.org/Sumaba
Sumadi pusuh	sumadi pusuh	https://dictionary.basabali.org/Sumadi_pusuh
Sumaga	sumaga	https://dictionary.basabali.org/Sumaga
Sumangah	sumangah	https://dictionary.basabali.org/Sumangah
Sumangsaya	sumangsaya	https://dictionary.basabali.org/Sumangsaya
Sumasat	sumasat	https://dictionary.basabali.org/Sumasat
Sumba	sumba	https://dictionary.basabali.org/Sumba
Sumbah	sumbah	https://dictionary.basabali.org/Sumbah
Sumbang	sumbang	https://dictionary.basabali.org/Sumbang
Sumbul	sumbul	https://dictionary.basabali.org/Sumbul
Sumelang	sumelang	https://dictionary.basabali.org/Sumelang
Sumingking	sumingking	https://dictionary.basabali.org/Sumingking
Sump	sump	https://dictionary.basabali.org/Sump
Sumpang	sumpang	https://dictionary.basabali.org/Sumpang
Sumpang bunga pucuk	sumpang bunga pucuk	https://dictionary.basabali.org/Sumpang_bunga_pucuk
Sumpang cempaka putih	sumpang cempaka putih	https://dictionary.basabali.org/Sumpang_cempaka_putih
Sumpang cepaka kuning	sumpang cepaka kuning	https://dictionary.basabali.org/Sumpang_cepaka_kuning
Sumpang daun warirang	sumpang daun warirang	https://dictionary.basabali.org/Sumpang_daun_warirang
Sumpangang	sumpangang	https://dictionary.basabali.org/Sumpangang
Sumpe	sumpe	https://dictionary.basabali.org/Sumpe
Sumpek	sumpek	https://dictionary.basabali.org/Sumpek
Sumpel	sumpel	https://dictionary.basabali.org/Sumpel
Sumping	sumping	https://dictionary.basabali.org/Sumping
Sunan	sunan	https://dictionary.basabali.org/Sunan
Sunaran	sunaran	https://dictionary.basabali.org/Sunaran
Sunaren	sunaren	https://dictionary.basabali.org/Sunaren
Sunari	sunari	https://dictionary.basabali.org/Sunari
Sundel	sundel	https://dictionary.basabali.org/Sundel
Sundih	sundih	https://dictionary.basabali.org/Sundih
Sunduk	sunduk	https://dictionary.basabali.org/Sunduk
Sundul	sundul	https://dictionary.basabali.org/Sundul
Sungenget	sungenget	https://dictionary.basabali.org/Sungenget
Sungga	sungga	https://dictionary.basabali.org/Sungga
Sungguh	sungguh	https://dictionary.basabali.org/Sungguh
Sungkab	sungkab	https://dictionary.basabali.org/Sungkab
Sungkan	sungkan	https://dictionary.basabali.org/Sungkan
Sungkan-sungkanan	sungkan-sungkanan	https://dictionary.basabali.org/Sungkan-sungkanan
Sungkawa	sungkawa	https://dictionary.basabali.org/Sungkawa
Sungked	sungked	https://dictionary.basabali.org/Sungked
Sungkem	sungkem	https://dictionary.basabali.org/Sungkem
Sungkil	sungkil	https://dictionary.basabali.org/Sungkil
Sungkuh	sungkuh	https://dictionary.basabali.org/Sungkuh
Sunglap	sunglap	https://dictionary.basabali.org/Sunglap
Sungsang	sungsang	https://dictionary.basabali.org/Sungsang
Sungsung	sungsung	https://dictionary.basabali.org/Sungsung
Sungsung guyu	sungsung guyu	https://dictionary.basabali.org/Sungsung_guyu
Sungsunga	sungsunga	https://dictionary.basabali.org/Sungsunga
Sungsungan	sungsungan	https://dictionary.basabali.org/Sungsungan
Sungsut	sungsut	https://dictionary.basabali.org/Sungsut
Sungu	sungu	https://dictionary.basabali.org/Sungu
Sunia	sunia	https://dictionary.basabali.org/Sunia
Sunia layu	sunia layu	https://dictionary.basabali.org/Sunia_layu
Suntik	suntik	https://dictionary.basabali.org/Suntik
Sunur Sinaba	sunur sinaba	https://dictionary.basabali.org/Sunur_Sinaba
Sunyi	sunyi	https://dictionary.basabali.org/Sunyi
Supir	supir	https://dictionary.basabali.org/Supir
Supraba	supraba	https://dictionary.basabali.org/Supraba
Surang	surang	https://dictionary.basabali.org/Surang
Surat	surat	https://dictionary.basabali.org/Surat
Suri	suri	https://dictionary.basabali.org/Suri
Surud	surud	https://dictionary.basabali.org/Surud
Surudan	surudan	https://dictionary.basabali.org/Surudan
Surup	surup	https://dictionary.basabali.org/Surup
Surya	surya	https://dictionary.basabali.org/Surya
Suryak-suryak	suryak-suryak	https://dictionary.basabali.org/Suryak-suryak
Suryane	suryane	https://dictionary.basabali.org/Suryane
Susila	susila	https://dictionary.basabali.org/Susila
Susu	susu	https://dictionary.basabali.org/Susu
Susuban	susuban	https://dictionary.basabali.org/Susuban
Susuh	susuh	https://dictionary.basabali.org/Susuh
Susuk	susuk	https://dictionary.basabali.org/Susuk
Susun	susun	https://dictionary.basabali.org/Susun
Susunann	susunann	https://dictionary.basabali.org/Susunann
Susup	susup	https://dictionary.basabali.org/Susup
Susut	susut	https://dictionary.basabali.org/Susut
Sutindih	sutindih	https://dictionary.basabali.org/Sutindih
Sutra	sutra	https://dictionary.basabali.org/Sutra
Sutri	sutri	https://dictionary.basabali.org/Sutri
Sutsut	sutsut	https://dictionary.basabali.org/Sutsut
Suud	suud	https://dictionary.basabali.org/Suud
Suun	suun	https://dictionary.basabali.org/Suun
Suuna	suuna	https://dictionary.basabali.org/Suuna
Suung	suung	https://dictionary.basabali.org/Suung
Suwah-suwah	suwah-suwah	https://dictionary.basabali.org/Suwah-suwah
Suwan	suwan	https://dictionary.basabali.org/Suwan
Suwanita	suwanita	https://dictionary.basabali.org/Suwanita
Suwar	suwar	https://dictionary.basabali.org/Suwar
Suwat	suwat	https://dictionary.basabali.org/Suwat
Suweg	suweg	https://dictionary.basabali.org/Suweg
Suwer	suwer	https://dictionary.basabali.org/Suwer
Suwir	suwir	https://dictionary.basabali.org/Suwir
Swabawa	swabawa	https://dictionary.basabali.org/Swabawa
Swadana	swadana	https://dictionary.basabali.org/Swadana
Swadarma	swadarma	https://dictionary.basabali.org/Swadarma
Swadharma	swadharma	https://dictionary.basabali.org/Swadharma
Swagata	swagata	https://dictionary.basabali.org/Swagata
Swagina	swagina	https://dictionary.basabali.org/Swagina
Swaginanyane	swaginanyane	https://dictionary.basabali.org/Swaginanyane
Swagotra	swagotra	https://dictionary.basabali.org/Swagotra
Swah	swah	https://dictionary.basabali.org/Swah
Swasti prapta	swasti prapta	https://dictionary.basabali.org/Swasti_prapta
Swasti wanti warsa	swasti wanti warsa	https://dictionary.basabali.org/Swasti_wanti_warsa
Sweta	sweta	https://dictionary.basabali.org/Sweta
