title	text	path
Obag	obag	https://dictionary.basabali.org/Obag
Obag-obag	obag-obag	https://dictionary.basabali.org/Obag-obag
Obag-obagan	obag-obagan	https://dictionary.basabali.org/Obag-obagan
Obagan	obagan	https://dictionary.basabali.org/Obagan
Obah	obah	https://dictionary.basabali.org/Obah
Obaha	obaha	https://dictionary.basabali.org/Obaha
Obat	obat	https://dictionary.basabali.org/Obat
Obeng	obeng	https://dictionary.basabali.org/Obeng
Obeng-obeng	obeng-obeng	https://dictionary.basabali.org/Obeng-obeng
Obes	obes	https://dictionary.basabali.org/Obes
Obong	obong	https://dictionary.basabali.org/Obong
Obor	obor	https://dictionary.basabali.org/Obor
Obras	obras	https://dictionary.basabali.org/Obras
Obès	obès	https://dictionary.basabali.org/Ob%C3%A8s
Ocoh	ocoh	https://dictionary.basabali.org/Ocoh
Odag	odag	https://dictionary.basabali.org/Odag
Odah	odah	https://dictionary.basabali.org/Odah
Odak	odak	https://dictionary.basabali.org/Odak
Odal	odal	https://dictionary.basabali.org/Odal
Odalan	odalan	https://dictionary.basabali.org/Odalan
Odalan madudus	odalan madudus	https://dictionary.basabali.org/Odalan_madudus
Odel	odel	https://dictionary.basabali.org/Odel
Oding	oding	https://dictionary.basabali.org/Oding
Odod	odod	https://dictionary.basabali.org/Odod
Odol	odol	https://dictionary.basabali.org/Odol
Odor	odor	https://dictionary.basabali.org/Odor
Oga	oga	https://dictionary.basabali.org/Oga
Ogag	ogag	https://dictionary.basabali.org/Ogag
Ogah	ogah	https://dictionary.basabali.org/Ogah
Ogan	ogan	https://dictionary.basabali.org/Ogan
Ogan - Ogan	ogan - ogan	https://dictionary.basabali.org/Ogan_-_Ogan
Ogar	ogar	https://dictionary.basabali.org/Ogar
Ogel	ogel	https://dictionary.basabali.org/Ogel
Ogel-ogel	ogel-ogel	https://dictionary.basabali.org/Ogel-ogel
Oget	oget	https://dictionary.basabali.org/Oget
Ogoh-ogoh	ogoh-ogoh	https://dictionary.basabali.org/Ogoh-ogoh
Ogok	ogok	https://dictionary.basabali.org/Ogok
Ogong	ogong	https://dictionary.basabali.org/Ogong
Ojah	ojah	https://dictionary.basabali.org/Ojah
Ojek	ojek	https://dictionary.basabali.org/Ojek
Ojekan	ojekan	https://dictionary.basabali.org/Ojekan
Ojog	ojog	https://dictionary.basabali.org/Ojog
Oka	oka	https://dictionary.basabali.org/Oka
Oke	oke	https://dictionary.basabali.org/Oke
Okeh	okeh	https://dictionary.basabali.org/Okeh
Okek	okek	https://dictionary.basabali.org/Okek
Oker	oker	https://dictionary.basabali.org/Oker
Oket	oket	https://dictionary.basabali.org/Oket
Okokan	okokan	https://dictionary.basabali.org/Okokan
Oké waké	oké waké	https://dictionary.basabali.org/Ok%C3%A9_wak%C3%A9
Olah	olah	https://dictionary.basabali.org/Olah
Olah-olahan	olah-olahan	https://dictionary.basabali.org/Olah-olahan
Olas	olas	https://dictionary.basabali.org/Olas
Olasin	olasin	https://dictionary.basabali.org/Olasin
Oleg	oleg	https://dictionary.basabali.org/Oleg
Olem	olem	https://dictionary.basabali.org/Olem
Oles	oles	https://dictionary.basabali.org/Oles
Olih	olih	https://dictionary.basabali.org/Olih
Olog	olog	https://dictionary.basabali.org/Olog
Olog - ologan	olog - ologan	https://dictionary.basabali.org/Olog_-_ologan
Olol	olol	https://dictionary.basabali.org/Olol
Om	om	https://dictionary.basabali.org/Om
Om Santih, Santih, Santih Om	om santih, santih, santih om	https://dictionary.basabali.org/Om_Santih,_Santih,_Santih_Om
Om awighnamastu	om awighnamastu	https://dictionary.basabali.org/Om_awighnamastu
Om swastyastu	om swastyastu	https://dictionary.basabali.org/Om_swastyastu
Oma	oma	https://dictionary.basabali.org/Oma
Omang-omang	omang-omang	https://dictionary.basabali.org/Omang-omang
Ombak	ombak	https://dictionary.basabali.org/Ombak
Ombake	ombake	https://dictionary.basabali.org/Ombake
Ombe	ombe	https://dictionary.basabali.org/Ombe
Ombéh	ombéh	https://dictionary.basabali.org/Omb%C3%A9h
Omed	omed	https://dictionary.basabali.org/Omed
Omong	omong	https://dictionary.basabali.org/Omong
Ompog	ompog	https://dictionary.basabali.org/Ompog
Ompong	ompong	https://dictionary.basabali.org/Ompong
Ompreng	ompreng	https://dictionary.basabali.org/Ompreng
On	on	https://dictionary.basabali.org/On
Oncer	oncer	https://dictionary.basabali.org/Oncer
Oncor	oncor	https://dictionary.basabali.org/Oncor
Onda	onda	https://dictionary.basabali.org/Onda
Ondagi	ondagi	https://dictionary.basabali.org/Ondagi
Onde-onde	onde-onde	https://dictionary.basabali.org/Onde-onde
Ondel	ondel	https://dictionary.basabali.org/Ondel
Ondo	ondo	https://dictionary.basabali.org/Ondo
Ondor	ondor	https://dictionary.basabali.org/Ondor
Onek	onek	https://dictionary.basabali.org/Onek
Oneng	oneng	https://dictionary.basabali.org/Oneng
Ong bero	ong bero	https://dictionary.basabali.org/Ong_bero
Onggang	onggang	https://dictionary.basabali.org/Onggang
Ongget	ongget	https://dictionary.basabali.org/Ongget
Ongkeb	ongkeb	https://dictionary.basabali.org/Ongkeb
Ongkek	ongkek	https://dictionary.basabali.org/Ongkek
Ongkos	ongkos	https://dictionary.basabali.org/Ongkos
Ongoh	ongoh	https://dictionary.basabali.org/Ongoh
Ongoh - ongoh	ongoh - ongoh	https://dictionary.basabali.org/Ongoh_-_ongoh
Ongol-ongol	ongol-ongol	https://dictionary.basabali.org/Ongol-ongol
Onjol	onjol	https://dictionary.basabali.org/Onjol
Onjotin	onjotin	https://dictionary.basabali.org/Onjotin
Onong	onong	https://dictionary.basabali.org/Onong
Onya	onya	https://dictionary.basabali.org/Onya
Onyah	onyah	https://dictionary.basabali.org/Onyah
Onyang	onyang	https://dictionary.basabali.org/Onyang
Onyangan	onyangan	https://dictionary.basabali.org/Onyangan
Onyéd	onyéd	https://dictionary.basabali.org/Ony%C3%A9d
Onék	onék	https://dictionary.basabali.org/On%C3%A9k
Onék-onékan	onék-onékan	https://dictionary.basabali.org/On%C3%A9k-on%C3%A9kan
Onéka	onéka	https://dictionary.basabali.org/On%C3%A9ka
Oon	oon	https://dictionary.basabali.org/Oon
Oon macepol	oon macepol	https://dictionary.basabali.org/Oon_macepol
Oong	oong	https://dictionary.basabali.org/Oong
Oopin	oopin	https://dictionary.basabali.org/Oopin
Oot	oot	https://dictionary.basabali.org/Oot
Ootin	ootin	https://dictionary.basabali.org/Ootin
Opak	opak	https://dictionary.basabali.org/Opak
Opek	opek	https://dictionary.basabali.org/Opek
Open	open	https://dictionary.basabali.org/Open
Opsed	opsed	https://dictionary.basabali.org/Opsed
Orahang	orahang	https://dictionary.basabali.org/Orahang
Orahanga	orahanga	https://dictionary.basabali.org/Orahanga
Orahin	orahin	https://dictionary.basabali.org/Orahin
Orahina	orahina	https://dictionary.basabali.org/Orahina
Oran	oran	https://dictionary.basabali.org/Oran
Orasi masalah di Bali	orasi masalah di bali	https://dictionary.basabali.org/Orasi_masalah_di_Bali
Orek panaptapan	orek panaptapan	https://dictionary.basabali.org/Orek_panaptapan
Oret	oret	https://dictionary.basabali.org/Oret
Orin	orin	https://dictionary.basabali.org/Orin
Orob	orob	https://dictionary.basabali.org/Orob
Orog-orog	orog-orog	https://dictionary.basabali.org/Orog-orog
Oros	oros	https://dictionary.basabali.org/Oros
Orta	orta	https://dictionary.basabali.org/Orta
Ortel	ortel	https://dictionary.basabali.org/Ortel
Orti	orti	https://dictionary.basabali.org/Orti
Oré	oré	https://dictionary.basabali.org/Or%C3%A9
Osah	osah	https://dictionary.basabali.org/Osah
Osek	osek	https://dictionary.basabali.org/Osek
Osog	osog	https://dictionary.basabali.org/Osog
Otek	otek	https://dictionary.basabali.org/Otek
Otek-otek	otek-otek	https://dictionary.basabali.org/Otek-otek
Oton	oton	https://dictionary.basabali.org/Oton
Otonan	otonan	https://dictionary.basabali.org/Otonan
Otot	otot	https://dictionary.basabali.org/Otot
Oyag	oyag	https://dictionary.basabali.org/Oyag
Oyag-oyag	oyag-oyag	https://dictionary.basabali.org/Oyag-oyag
Oyod	oyod	https://dictionary.basabali.org/Oyod
Oyod-oyod	oyod-oyod	https://dictionary.basabali.org/Oyod-oyod
Oyodan	oyodan	https://dictionary.basabali.org/Oyodan
Oyong	oyong	https://dictionary.basabali.org/Oyong
Oyot	oyot	https://dictionary.basabali.org/Oyot
