title	text	path
COVID 19	covid 19	https://dictionary.basabali.org/COVID_19
Caak	caak	https://dictionary.basabali.org/Caak
Caak wong	caak wong	https://dictionary.basabali.org/Caak_wong
Cabak	cabak	https://dictionary.basabali.org/Cabak
Cabak-cibik	cabak-cibik	https://dictionary.basabali.org/Cabak-cibik
Cabar	cabar	https://dictionary.basabali.org/Cabar
Cabcab	cabcab	https://dictionary.basabali.org/Cabcab
Cabcaban	cabcaban	https://dictionary.basabali.org/Cabcaban
Cabcabin	cabcabin	https://dictionary.basabali.org/Cabcabin
Cabol	cabol	https://dictionary.basabali.org/Cabol
Cabul	cabul	https://dictionary.basabali.org/Cabul
Cacad	cacad	https://dictionary.basabali.org/Cacad
Cacag-cicig	cacag-cicig	https://dictionary.basabali.org/Cacag-cicig
Cacah	cacah	https://dictionary.basabali.org/Cacah
Cacah Jiwa	cacah jiwa	https://dictionary.basabali.org/Cacah_Jiwa
Cacak	cacak	https://dictionary.basabali.org/Cacak
Cacakaran	cacakaran	https://dictionary.basabali.org/Cacakaran
Cacalan	cacalan	https://dictionary.basabali.org/Cacalan
Cacang	cacang	https://dictionary.basabali.org/Cacang
Cacapan	cacapan	https://dictionary.basabali.org/Cacapan
Cacar	cacar	https://dictionary.basabali.org/Cacar
Cacarang	cacarang	https://dictionary.basabali.org/Cacarang
Cacep	cacep	https://dictionary.basabali.org/Cacep
Cacing	cacing	https://dictionary.basabali.org/Cacing
Cacopahan	cacopahan	https://dictionary.basabali.org/Cacopahan
Cadang	cadang	https://dictionary.basabali.org/Cadang
Cadang gonggang	cadang gonggang	https://dictionary.basabali.org/Cadang_gonggang
Cadangan	cadangan	https://dictionary.basabali.org/Cadangan
Cadangang	cadangang	https://dictionary.basabali.org/Cadangang
Cadel	cadel	https://dictionary.basabali.org/Cadel
Cadelin	cadelin	https://dictionary.basabali.org/Cadelin
Cadelina	cadelina	https://dictionary.basabali.org/Cadelina
Cadik	cadik	https://dictionary.basabali.org/Cadik
Cadik galir	cadik galir	https://dictionary.basabali.org/Cadik_galir
Cadot	cadot	https://dictionary.basabali.org/Cadot
Cadramawa	cadramawa	https://dictionary.basabali.org/Cadramawa
Cag-cag	cag-cag	https://dictionary.basabali.org/Cag-cag
Cagcag	cagcag	https://dictionary.basabali.org/Cagcag
Cagcag-cigcig	cagcag-cigcig	https://dictionary.basabali.org/Cagcag-cigcig
Cager	cager	https://dictionary.basabali.org/Cager
Caglek	caglek	https://dictionary.basabali.org/Caglek
Cagreng	cagreng	https://dictionary.basabali.org/Cagreng
Caguah	caguah	https://dictionary.basabali.org/Caguah
Cahcah	cahcah	https://dictionary.basabali.org/Cahcah
Cahcahan	cahcahan	https://dictionary.basabali.org/Cahcahan
Cai	cai	https://dictionary.basabali.org/Cai
Cakal	cakal	https://dictionary.basabali.org/Cakal
Cakang	cakang	https://dictionary.basabali.org/Cakang
Cakcak	cakcak	https://dictionary.basabali.org/Cakcak
Cakep	cakep	https://dictionary.basabali.org/Cakep
Cakepan	cakepan	https://dictionary.basabali.org/Cakepan
Caket	caket	https://dictionary.basabali.org/Caket
Cakluk	cakluk	https://dictionary.basabali.org/Cakluk
Cakra	cakra	https://dictionary.basabali.org/Cakra
Caksu	caksu	https://dictionary.basabali.org/Caksu
Caku	caku	https://dictionary.basabali.org/Caku
Cakup	cakup	https://dictionary.basabali.org/Cakup
Cakup-cakup	cakup-cakup	https://dictionary.basabali.org/Cakup-cakup
Calcal	calcal	https://dictionary.basabali.org/Calcal
Calekutan	calekutan	https://dictionary.basabali.org/Calekutan
Calep	calep	https://dictionary.basabali.org/Calep
Cali	cali	https://dictionary.basabali.org/Cali
Caling	caling	https://dictionary.basabali.org/Caling
Caling gajah	caling gajah	https://dictionary.basabali.org/Caling_gajah
Calingne	calingne	https://dictionary.basabali.org/Calingne
Calo	calo	https://dictionary.basabali.org/Calo
Calon	calon	https://dictionary.basabali.org/Calon
Calonarang	calonarang	https://dictionary.basabali.org/Calonarang
Caluh	caluh	https://dictionary.basabali.org/Caluh
Caluk	caluk	https://dictionary.basabali.org/Caluk
Calung	calung	https://dictionary.basabali.org/Calung
Calung suling	calung suling	https://dictionary.basabali.org/Calung_suling
Camah	camah	https://dictionary.basabali.org/Camah
Camar	camar	https://dictionary.basabali.org/Camar
Camat	camat	https://dictionary.basabali.org/Camat
Cambeng	cambeng	https://dictionary.basabali.org/Cambeng
Cambra	cambra	https://dictionary.basabali.org/Cambra
Camed	camed	https://dictionary.basabali.org/Camed
Cameng	cameng	https://dictionary.basabali.org/Cameng
Camok	camok	https://dictionary.basabali.org/Camok
Campah	campah	https://dictionary.basabali.org/Campah
Campang	campang	https://dictionary.basabali.org/Campang
Camplung	camplung	https://dictionary.basabali.org/Camplung
Campuh	campuh	https://dictionary.basabali.org/Campuh
Campuhan	campuhan	https://dictionary.basabali.org/Campuhan
Campur	campur	https://dictionary.basabali.org/Campur
Camput	camput	https://dictionary.basabali.org/Camput
Canang	canang	https://dictionary.basabali.org/Canang
Canang genten	canang genten	https://dictionary.basabali.org/Canang_genten
Canang pangraos	canang pangraos	https://dictionary.basabali.org/Canang_pangraos
Canang raka	canang raka	https://dictionary.basabali.org/Canang_raka
Canang sari	canang sari	https://dictionary.basabali.org/Canang_sari
Canange	canange	https://dictionary.basabali.org/Canange
Canda	canda	https://dictionary.basabali.org/Canda
Candakan	candakan	https://dictionary.basabali.org/Candakan
Candala	candala	https://dictionary.basabali.org/Candala
Candala sabda	candala sabda	https://dictionary.basabali.org/Candala_sabda
Candang	candang	https://dictionary.basabali.org/Candang
Candang bengka	candang bengka	https://dictionary.basabali.org/Candang_bengka
Candet	candet	https://dictionary.basabali.org/Candet
Candetan	candetan	https://dictionary.basabali.org/Candetan
Candi	candi	https://dictionary.basabali.org/Candi
Candi bentar	candi bentar	https://dictionary.basabali.org/Candi_bentar
Candi kurung	candi kurung	https://dictionary.basabali.org/Candi_kurung
Candi masuwing	candi masuwing	https://dictionary.basabali.org/Candi_masuwing
Candik	candik	https://dictionary.basabali.org/Candik
Candik jala	candik jala	https://dictionary.basabali.org/Candik_jala
Candra	candra	https://dictionary.basabali.org/Candra
Candra Praleka	candra praleka	https://dictionary.basabali.org/Candra_Praleka
Canduk muka	canduk muka	https://dictionary.basabali.org/Canduk_muka
Candula	candula	https://dictionary.basabali.org/Candula
Candung	candung	https://dictionary.basabali.org/Candung
Cane	cane	https://dictionary.basabali.org/Cane
Caneg	caneg	https://dictionary.basabali.org/Caneg
Cang	cang	https://dictionary.basabali.org/Cang
Cangak	cangak	https://dictionary.basabali.org/Cangak
Cangcang	cangcang	https://dictionary.basabali.org/Cangcang
Cange	cange	https://dictionary.basabali.org/Cange
Canggah	canggah	https://dictionary.basabali.org/Canggah
Canggem	canggem	https://dictionary.basabali.org/Canggem
Cangget	cangget	https://dictionary.basabali.org/Cangget
Canggih	canggih	https://dictionary.basabali.org/Canggih
Canggol	canggol	https://dictionary.basabali.org/Canggol
Canging	canging	https://dictionary.basabali.org/Canging
Cangkah	cangkah	https://dictionary.basabali.org/Cangkah
Cangkem	cangkem	https://dictionary.basabali.org/Cangkem
Cangkir	cangkir	https://dictionary.basabali.org/Cangkir
Cangkling	cangkling	https://dictionary.basabali.org/Cangkling
Cangklong	cangklong	https://dictionary.basabali.org/Cangklong
Cangklung	cangklung	https://dictionary.basabali.org/Cangklung
Cangkok	cangkok	https://dictionary.basabali.org/Cangkok
Cangkokah	cangkokah	https://dictionary.basabali.org/Cangkokah
Cangkrama	cangkrama	https://dictionary.basabali.org/Cangkrama
Cangkrim	cangkrim	https://dictionary.basabali.org/Cangkrim
Cangkring	cangkring	https://dictionary.basabali.org/Cangkring
Canglak	canglak	https://dictionary.basabali.org/Canglak
Cantaka	cantaka	https://dictionary.basabali.org/Cantaka
Cantelan	cantelan	https://dictionary.basabali.org/Cantelan
Canteng	canteng	https://dictionary.basabali.org/Canteng
Cantet	cantet	https://dictionary.basabali.org/Cantet
Canteta	canteta	https://dictionary.basabali.org/Canteta
Cantik	cantik	https://dictionary.basabali.org/Cantik
Canting	canting	https://dictionary.basabali.org/Canting
Cantok	cantok	https://dictionary.basabali.org/Cantok
Cap	cap	https://dictionary.basabali.org/Cap
Cap jempol	cap jempol	https://dictionary.basabali.org/Cap_jempol
Capah	capah	https://dictionary.basabali.org/Capah
Capahan	capahan	https://dictionary.basabali.org/Capahan
Capala	capala	https://dictionary.basabali.org/Capala
Capat	capat	https://dictionary.basabali.org/Capat
Capatin	capatin	https://dictionary.basabali.org/Capatin
Capatina	capatina	https://dictionary.basabali.org/Capatina
Capcae	capcae	https://dictionary.basabali.org/Capcae
Capil	capil	https://dictionary.basabali.org/Capil
Caping	caping	https://dictionary.basabali.org/Caping
Caplag	caplag	https://dictionary.basabali.org/Caplag
Caplak	caplak	https://dictionary.basabali.org/Caplak
Capleng	capleng	https://dictionary.basabali.org/Capleng
Caplok	caplok	https://dictionary.basabali.org/Caplok
Caplus	caplus	https://dictionary.basabali.org/Caplus
Capuh	capuh	https://dictionary.basabali.org/Capuh
Capung	capung	https://dictionary.basabali.org/Capung
Capung gantung	capung gantung	https://dictionary.basabali.org/Capung_gantung
Capung gobogan (maling)	capung gobogan (maling)	https://dictionary.basabali.org/Capung_gobogan_(maling)
Capung klekitikan	capung klekitikan	https://dictionary.basabali.org/Capung_klekitikan
Capung kok (bangkok)	capung kok (bangkok)	https://dictionary.basabali.org/Capung_kok_(bangkok)
Cara	cara	https://dictionary.basabali.org/Cara
Cara-cara	cara-cara	https://dictionary.basabali.org/Cara-cara
Carak	carak	https://dictionary.basabali.org/Carak
Caraka	caraka	https://dictionary.basabali.org/Caraka
Carakan	carakan	https://dictionary.basabali.org/Carakan
Carang	carang	https://dictionary.basabali.org/Carang
Carangcang kawat	carangcang kawat	https://dictionary.basabali.org/Carangcang_kawat
Caratan	caratan	https://dictionary.basabali.org/Caratan
Carca	carca	https://dictionary.basabali.org/Carca
Carcan	carcan	https://dictionary.basabali.org/Carcan
Carik	carik	https://dictionary.basabali.org/Carik
Carikan	carikan	https://dictionary.basabali.org/Carikan
Carikang	carikang	https://dictionary.basabali.org/Carikang
Carikanga	carikanga	https://dictionary.basabali.org/Carikanga
Carike	carike	https://dictionary.basabali.org/Carike
Carikin	carikin	https://dictionary.basabali.org/Carikin
Carikina	carikina	https://dictionary.basabali.org/Carikina
Carita	carita	https://dictionary.basabali.org/Carita
Carma	carma	https://dictionary.basabali.org/Carma
Caru	caru	https://dictionary.basabali.org/Caru
Caru be caruk	caru be caruk	https://dictionary.basabali.org/Caru_be_caruk
Caru dengen	caru dengen	https://dictionary.basabali.org/Caru_dengen
Caru pangruak	caru pangruak	https://dictionary.basabali.org/Caru_pangruak
Carub	carub	https://dictionary.basabali.org/Carub
Caruk	caruk	https://dictionary.basabali.org/Caruk
Catet	catet	https://dictionary.basabali.org/Catet
Catetan	catetan	https://dictionary.basabali.org/Catetan
Catok	catok	https://dictionary.basabali.org/Catok
Catra	catra	https://dictionary.basabali.org/Catra
Catri	catri	https://dictionary.basabali.org/Catri
Catu	catu	https://dictionary.basabali.org/Catu
Catu meres	catu meres	https://dictionary.basabali.org/Catu_meres
Catu mujung	catu mujung	https://dictionary.basabali.org/Catu_mujung
Catur	catur	https://dictionary.basabali.org/Catur
Catur asrama	catur asrama	https://dictionary.basabali.org/Catur_asrama
Catur desa	catur desa	https://dictionary.basabali.org/Catur_desa
Catur dewata	catur dewata	https://dictionary.basabali.org/Catur_dewata
Catur guru	catur guru	https://dictionary.basabali.org/Catur_guru
Catur kumba	catur kumba	https://dictionary.basabali.org/Catur_kumba
Catur loka	catur loka	https://dictionary.basabali.org/Catur_loka
Catur muka	catur muka	https://dictionary.basabali.org/Catur_muka
Catur sanak	catur sanak	https://dictionary.basabali.org/Catur_sanak
Catur upaya sandi	catur upaya sandi	https://dictionary.basabali.org/Catur_upaya_sandi
Catur wara	catur wara	https://dictionary.basabali.org/Catur_wara
Catur warga / catur purusarta	catur warga / catur purusarta	https://dictionary.basabali.org/Catur_warga_/_catur_purusarta
Catur warna/catur wangsa	catur warna/catur wangsa	https://dictionary.basabali.org/Catur_warna/catur_wangsa
Caturwara	caturwara	https://dictionary.basabali.org/Caturwara
Catut	catut	https://dictionary.basabali.org/Catut
Catét	catét	https://dictionary.basabali.org/Cat%C3%A9t
Cawan	cawan	https://dictionary.basabali.org/Cawan
Cawang	cawang	https://dictionary.basabali.org/Cawang
Cawet	cawet	https://dictionary.basabali.org/Cawet
Caya	caya	https://dictionary.basabali.org/Caya
Cebleng	cebleng	https://dictionary.basabali.org/Cebleng
Cebur	cebur	https://dictionary.basabali.org/Cebur
Cecak	cecak	https://dictionary.basabali.org/Cecak
Cecangkitan	cecangkitan	https://dictionary.basabali.org/Cecangkitan
Cecangkriman	cecangkriman	https://dictionary.basabali.org/Cecangkriman
Cecapan	cecapan	https://dictionary.basabali.org/Cecapan
Cecek	cecek	https://dictionary.basabali.org/Cecek
Cecel	cecel	https://dictionary.basabali.org/Cecel
Cecepan	cecepan	https://dictionary.basabali.org/Cecepan
Cecetrung	cecetrung	https://dictionary.basabali.org/Cecetrung
Cecimpedan	cecimpedan	https://dictionary.basabali.org/Cecimpedan
Cecunduk	cecunduk	https://dictionary.basabali.org/Cecunduk
Ceda	ceda	https://dictionary.basabali.org/Ceda
Ceda angga	ceda angga	https://dictionary.basabali.org/Ceda_angga
Cedang	cedang	https://dictionary.basabali.org/Cedang
Cedangin	cedangin	https://dictionary.basabali.org/Cedangin
Cedangina	cedangina	https://dictionary.basabali.org/Cedangina
Cedar	cedar	https://dictionary.basabali.org/Cedar
Cedik	cedik	https://dictionary.basabali.org/Cedik
Cedil	cedil	https://dictionary.basabali.org/Cedil
Cedok	cedok	https://dictionary.basabali.org/Cedok
Cedor	cedor	https://dictionary.basabali.org/Cedor
Ceeng	ceeng	https://dictionary.basabali.org/Ceeng
Cegah	cegah	https://dictionary.basabali.org/Cegah
Cegceg	cegceg	https://dictionary.basabali.org/Cegceg
Cegem	cegem	https://dictionary.basabali.org/Cegem
Cegeng	cegeng	https://dictionary.basabali.org/Cegeng
Ceget	ceget	https://dictionary.basabali.org/Ceget
Ceglong	ceglong	https://dictionary.basabali.org/Ceglong
Ceglongan	ceglongan	https://dictionary.basabali.org/Ceglongan
Cegur	cegur	https://dictionary.basabali.org/Cegur
Cegut	cegut	https://dictionary.basabali.org/Cegut
Cekak	cekak	https://dictionary.basabali.org/Cekak
Cekcek	cekcek	https://dictionary.basabali.org/Cekcek
Cekel	cekel	https://dictionary.basabali.org/Cekel
Cekelan	cekelan	https://dictionary.basabali.org/Cekelan
Cekepit	cekepit	https://dictionary.basabali.org/Cekepit
Ceki	ceki	https://dictionary.basabali.org/Ceki
Cekian	cekian	https://dictionary.basabali.org/Cekian
Ceking	ceking	https://dictionary.basabali.org/Ceking
Cekok	cekok	https://dictionary.basabali.org/Cekok
Cekot	cekot	https://dictionary.basabali.org/Cekot
Cekuh	cekuh	https://dictionary.basabali.org/Cekuh
Cekuk	cekuk	https://dictionary.basabali.org/Cekuk
Celagi	celagi	https://dictionary.basabali.org/Celagi
Celak	celak	https://dictionary.basabali.org/Celak
Celana	celana	https://dictionary.basabali.org/Celana
Celana melayu	celana melayu	https://dictionary.basabali.org/Celana_melayu
Celang	celang	https://dictionary.basabali.org/Celang
Celap-celep	celap-celep	https://dictionary.basabali.org/Celap-celep
Celar-celir	celar-celir	https://dictionary.basabali.org/Celar-celir
Celcel	celcel	https://dictionary.basabali.org/Celcel
Celeb	celeb	https://dictionary.basabali.org/Celeb
Celebingkah	celebingkah	https://dictionary.basabali.org/Celebingkah
Celebo	celebo	https://dictionary.basabali.org/Celebo
Celed	celed	https://dictionary.basabali.org/Celed
Celeda	celeda	https://dictionary.basabali.org/Celeda
Celedu	celedu	https://dictionary.basabali.org/Celedu
Celedu nginyah	celedu nginyah	https://dictionary.basabali.org/Celedu_nginyah
Celek	celek	https://dictionary.basabali.org/Celek
Celekang	celekang	https://dictionary.basabali.org/Celekang
Celekutan	celekutan	https://dictionary.basabali.org/Celekutan
Celekutukan	celekutukan	https://dictionary.basabali.org/Celekutukan
Celembu	celembu	https://dictionary.basabali.org/Celembu
Celemik	celemik	https://dictionary.basabali.org/Celemik
Celeng	celeng	https://dictionary.basabali.org/Celeng
Celeng Alas	celeng alas	https://dictionary.basabali.org/Celeng_Alas
Celeng Alase	celeng alase	https://dictionary.basabali.org/Celeng_Alase
Celengan	celengan	https://dictionary.basabali.org/Celengan
Celengang	celengang	https://dictionary.basabali.org/Celengang
Celengin	celengin	https://dictionary.basabali.org/Celengin
Celep	celep	https://dictionary.basabali.org/Celep
Celepang	celepang	https://dictionary.basabali.org/Celepang
Celepanga	celepanga	https://dictionary.basabali.org/Celepanga
Celepin	celepin	https://dictionary.basabali.org/Celepin
Celepina	celepina	https://dictionary.basabali.org/Celepina
Celepuk	celepuk	https://dictionary.basabali.org/Celepuk
Celig	celig	https://dictionary.basabali.org/Celig
Celih	celih	https://dictionary.basabali.org/Celih
Celing	celing	https://dictionary.basabali.org/Celing
Celocoh	celocoh	https://dictionary.basabali.org/Celocoh
Celong	celong	https://dictionary.basabali.org/Celong
Celor	celor	https://dictionary.basabali.org/Celor
Celuk	celuk	https://dictionary.basabali.org/Celuk
Celuluk	celuluk	https://dictionary.basabali.org/Celuluk
Celut	celut	https://dictionary.basabali.org/Celut
Cemara	cemara	https://dictionary.basabali.org/Cemara
Cematu	cematu	https://dictionary.basabali.org/Cematu
Cemburu	cemburu	https://dictionary.basabali.org/Cemburu
Cemcem	cemcem	https://dictionary.basabali.org/Cemcem
Cemeng	cemeng	https://dictionary.basabali.org/Cemeng
Cemer	cemer	https://dictionary.basabali.org/Cemer
Cemil	cemil	https://dictionary.basabali.org/Cemil
Cemoh	cemoh	https://dictionary.basabali.org/Cemoh
Cempaka	cempaka	https://dictionary.basabali.org/Cempaka
Cempaka Kuning	cempaka kuning	https://dictionary.basabali.org/Cempaka_Kuning
Cempaluk	cempaluk	https://dictionary.basabali.org/Cempaluk
Cemped	cemped	https://dictionary.basabali.org/Cemped
Cempedan	cempedan	https://dictionary.basabali.org/Cempedan
Cemplung	cemplung	https://dictionary.basabali.org/Cemplung
Cempurit	cempurit	https://dictionary.basabali.org/Cempurit
Cemung	cemung	https://dictionary.basabali.org/Cemung
Cen	cen	https://dictionary.basabali.org/Cen
Cenana	cenana	https://dictionary.basabali.org/Cenana
Cenanga	cenanga	https://dictionary.basabali.org/Cenanga
Cendek	cendek	https://dictionary.basabali.org/Cendek
Cendekan	cendekan	https://dictionary.basabali.org/Cendekan
Cendekang	cendekang	https://dictionary.basabali.org/Cendekang
Cendekne	cendekne	https://dictionary.basabali.org/Cendekne
Cendet	cendet	https://dictionary.basabali.org/Cendet
Cendol	cendol	https://dictionary.basabali.org/Cendol
Cendrawasih	cendrawasih	https://dictionary.basabali.org/Cendrawasih
Ceng	ceng	https://dictionary.basabali.org/Ceng
Ceng-ceng	ceng-ceng	https://dictionary.basabali.org/Ceng-ceng
Cengar-cengir	cengar-cengir	https://dictionary.basabali.org/Cengar-cengir
Cengceng	cengceng	https://dictionary.basabali.org/Cengceng
Cengceng ageng	cengceng ageng	https://dictionary.basabali.org/Cengceng_ageng
Cengceng cenik/cerik	cengceng cenik/cerik	https://dictionary.basabali.org/Cengceng_cenik/cerik
Cengceng kebyar	cengceng kebyar	https://dictionary.basabali.org/Cengceng_kebyar
Cengceng kopyak	cengceng kopyak	https://dictionary.basabali.org/Cengceng_kopyak
Cengceng madia	cengceng madia	https://dictionary.basabali.org/Cengceng_madia
Cengeg	cengeg	https://dictionary.basabali.org/Cengeg
Cengelan	cengelan	https://dictionary.basabali.org/Cengelan
Cengkang	cengkang	https://dictionary.basabali.org/Cengkang
Cengkeh	cengkeh	https://dictionary.basabali.org/Cengkeh
Cengkilik	cengkilik	https://dictionary.basabali.org/Cengkilik
Cengkirian	cengkirian	https://dictionary.basabali.org/Cengkirian
Cengklik	cengklik	https://dictionary.basabali.org/Cengklik
Cengkok	cengkok	https://dictionary.basabali.org/Cengkok
Cengkrong	cengkrong	https://dictionary.basabali.org/Cengkrong
Cengkud	cengkud	https://dictionary.basabali.org/Cengkud
Cengong	cengong	https://dictionary.basabali.org/Cengong
Cengurit	cengurit	https://dictionary.basabali.org/Cengurit
Cenidra	cenidra	https://dictionary.basabali.org/Cenidra
Ceniga	ceniga	https://dictionary.basabali.org/Ceniga
Cenik	cenik	https://dictionary.basabali.org/Cenik
Cenik-cenik	cenik-cenik	https://dictionary.basabali.org/Cenik-cenik
Cenikih	cenikih	https://dictionary.basabali.org/Cenikih
Cenil	cenil	https://dictionary.basabali.org/Cenil
Cening	cening	https://dictionary.basabali.org/Cening
Centong	centong	https://dictionary.basabali.org/Centong
Centula	centula	https://dictionary.basabali.org/Centula
Cepag	cepag	https://dictionary.basabali.org/Cepag
Cepaka	cepaka	https://dictionary.basabali.org/Cepaka
Cepedin	cepedin	https://dictionary.basabali.org/Cepedin
Cepek	cepek	https://dictionary.basabali.org/Cepek
Ceper	ceper	https://dictionary.basabali.org/Ceper
Cepet	cepet	https://dictionary.basabali.org/Cepet
Cepikan	cepikan	https://dictionary.basabali.org/Cepikan
Cepil	cepil	https://dictionary.basabali.org/Cepil
Ceping	ceping	https://dictionary.basabali.org/Ceping
Ceplag	ceplag	https://dictionary.basabali.org/Ceplag
Cepok	cepok	https://dictionary.basabali.org/Cepok
Cepokang	cepokang	https://dictionary.basabali.org/Cepokang
Cepol	cepol	https://dictionary.basabali.org/Cepol
Cepong	cepong	https://dictionary.basabali.org/Cepong
Cepuk	cepuk	https://dictionary.basabali.org/Cepuk
Cepung	cepung	https://dictionary.basabali.org/Cepung
Cera	cera	https://dictionary.basabali.org/Cera
Ceracap	ceracap	https://dictionary.basabali.org/Ceracap
Cerah	cerah	https://dictionary.basabali.org/Cerah
Cerai	cerai	https://dictionary.basabali.org/Cerai
Ceraken	ceraken	https://dictionary.basabali.org/Ceraken
Ceraki	ceraki	https://dictionary.basabali.org/Ceraki
Cerancam	cerancam	https://dictionary.basabali.org/Cerancam
Ceregan	ceregan	https://dictionary.basabali.org/Ceregan
Cerekcek	cerekcek	https://dictionary.basabali.org/Cerekcek
Cerekuak	cerekuak	https://dictionary.basabali.org/Cerekuak
Cerekuwak	cerekuwak	https://dictionary.basabali.org/Cerekuwak
Cereme	cereme	https://dictionary.basabali.org/Cereme
Cererek	cererek	https://dictionary.basabali.org/Cererek
Ceret	ceret	https://dictionary.basabali.org/Ceret
Cerida	cerida	https://dictionary.basabali.org/Cerida
Cerik	cerik	https://dictionary.basabali.org/Cerik
Cerik langah	cerik langah	https://dictionary.basabali.org/Cerik_langah
Cerik-cerik	cerik-cerik	https://dictionary.basabali.org/Cerik-cerik
Ceriritan	ceriritan	https://dictionary.basabali.org/Ceriritan
Cerita	cerita	https://dictionary.basabali.org/Cerita
Cerme	cerme	https://dictionary.basabali.org/Cerme
Cermin	cermin	https://dictionary.basabali.org/Cermin
Cero	cero	https://dictionary.basabali.org/Cero
Cerobo	cerobo	https://dictionary.basabali.org/Cerobo
Cerok	cerok	https://dictionary.basabali.org/Cerok
Cerongcong	cerongcong	https://dictionary.basabali.org/Cerongcong
Ceroring	ceroring	https://dictionary.basabali.org/Ceroring
Cerorit	cerorit	https://dictionary.basabali.org/Cerorit
Cerorot	cerorot	https://dictionary.basabali.org/Cerorot
Cerucut	cerucut	https://dictionary.basabali.org/Cerucut
Cerukcuk	cerukcuk	https://dictionary.basabali.org/Cerukcuk
Cet	cet	https://dictionary.basabali.org/Cet
Cetak	cetak	https://dictionary.basabali.org/Cetak
Cetana	cetana	https://dictionary.basabali.org/Cetana
Ceteng	ceteng	https://dictionary.basabali.org/Ceteng
Cetet	cetet	https://dictionary.basabali.org/Cetet
Cetik	cetik	https://dictionary.basabali.org/Cetik
Cetok	cetok	https://dictionary.basabali.org/Cetok
Chikungunya	chikungunya	https://dictionary.basabali.org/Chikungunya
Ci	ci	https://dictionary.basabali.org/Ci
Cibluk	cibluk	https://dictionary.basabali.org/Cibluk
Cicak	cicak	https://dictionary.basabali.org/Cicak
Cicih	cicih	https://dictionary.basabali.org/Cicih
Cicilan	cicilan	https://dictionary.basabali.org/Cicilan
Cicing	cicing	https://dictionary.basabali.org/Cicing
Cicing macanda	cicing macanda	https://dictionary.basabali.org/Cicing_macanda
Cicing medemin jalikan	cicing medemin jalikan	https://dictionary.basabali.org/Cicing_medemin_jalikan
Cicing ngongkong semal	cicing ngongkong semal	https://dictionary.basabali.org/Cicing_ngongkong_semal
Cicing singal	cicing singal	https://dictionary.basabali.org/Cicing_singal
Cicip	cicip	https://dictionary.basabali.org/Cicip
Cicipan	cicipan	https://dictionary.basabali.org/Cicipan
Cicipin	cicipin	https://dictionary.basabali.org/Cicipin
Cidra	cidra	https://dictionary.basabali.org/Cidra
Cihna	cihna	https://dictionary.basabali.org/Cihna
Cihnain	cihnain	https://dictionary.basabali.org/Cihnain
Cihnaina	cihnaina	https://dictionary.basabali.org/Cihnaina
Cihnayang	cihnayang	https://dictionary.basabali.org/Cihnayang
Ciing	ciing	https://dictionary.basabali.org/Ciing
Ciit	ciit	https://dictionary.basabali.org/Ciit
Cik	cik	https://dictionary.basabali.org/Cik
Cikal	cikal	https://dictionary.basabali.org/Cikal
Cikal-cikalan	cikal-cikalan	https://dictionary.basabali.org/Cikal-cikalan
Cikar	cikar	https://dictionary.basabali.org/Cikar
Cikut	cikut	https://dictionary.basabali.org/Cikut
Cilak	cilak	https://dictionary.basabali.org/Cilak
Cili	cili	https://dictionary.basabali.org/Cili
Cili-cilian	cili-cilian	https://dictionary.basabali.org/Cili-cilian
Cina	cina	https://dictionary.basabali.org/Cina
Cina majalér	cina majalér	https://dictionary.basabali.org/Cina_majal%C3%A9r
Cincin	cincin	https://dictionary.basabali.org/Cincin
Cindana	cindana	https://dictionary.basabali.org/Cindana
Cingak	cingak	https://dictionary.basabali.org/Cingak
Cingakin	cingakin	https://dictionary.basabali.org/Cingakin
Cingakina	cingakina	https://dictionary.basabali.org/Cingakina
Cinggur	cinggur	https://dictionary.basabali.org/Cinggur
Cinging	cinging	https://dictionary.basabali.org/Cinging
Cingkrem	cingkrem	https://dictionary.basabali.org/Cingkrem
Cinglar	cinglar	https://dictionary.basabali.org/Cinglar
Cintamani	cintamani	https://dictionary.basabali.org/Cintamani
Cipak	cipak	https://dictionary.basabali.org/Cipak
Ciplakan	ciplakan	https://dictionary.basabali.org/Ciplakan
Cipta kukila	cipta kukila	https://dictionary.basabali.org/Cipta_kukila
Ciri	ciri	https://dictionary.basabali.org/Ciri
Citakan	citakan	https://dictionary.basabali.org/Citakan
Citrakara	citrakara	https://dictionary.basabali.org/Citrakara
Ciung	ciung	https://dictionary.basabali.org/Ciung
Clagi	clagi	https://dictionary.basabali.org/Clagi
Clalongan	clalongan	https://dictionary.basabali.org/Clalongan
Clana	clana	https://dictionary.basabali.org/Clana
Clebongkak	clebongkak	https://dictionary.basabali.org/Clebongkak
Cledced	cledced	https://dictionary.basabali.org/Cledced
Clegokan	clegokan	https://dictionary.basabali.org/Clegokan
Clekutan	clekutan	https://dictionary.basabali.org/Clekutan
Clemik	clemik	https://dictionary.basabali.org/Clemik
Clengagan	clengagan	https://dictionary.basabali.org/Clengagan
Clengis	clengis	https://dictionary.basabali.org/Clengis
Clepuk	clepuk	https://dictionary.basabali.org/Clepuk
Clika	clika	https://dictionary.basabali.org/Clika
Clodoh	clodoh	https://dictionary.basabali.org/Clodoh
Clucuh	clucuh	https://dictionary.basabali.org/Clucuh
Clurit	clurit	https://dictionary.basabali.org/Clurit
Coak	coak	https://dictionary.basabali.org/Coak
Coba	coba	https://dictionary.basabali.org/Coba
Cobek	cobek	https://dictionary.basabali.org/Cobek
Coblak	coblak	https://dictionary.basabali.org/Coblak
Coblok	coblok	https://dictionary.basabali.org/Coblok
Coblong	coblong	https://dictionary.basabali.org/Coblong
Cocoh	cocoh	https://dictionary.basabali.org/Cocoh
Cocok	cocok	https://dictionary.basabali.org/Cocok
Cocol	cocol	https://dictionary.basabali.org/Cocol
Cocolan	cocolan	https://dictionary.basabali.org/Cocolan
Cocolang	cocolang	https://dictionary.basabali.org/Cocolang
Cocolanga	cocolanga	https://dictionary.basabali.org/Cocolanga
Cocolin	cocolin	https://dictionary.basabali.org/Cocolin
Cocong	cocong	https://dictionary.basabali.org/Cocong
Cocor	cocor	https://dictionary.basabali.org/Cocor
Codet	codet	https://dictionary.basabali.org/Codet
Cogroh	cogroh	https://dictionary.basabali.org/Cogroh
Cok	cok	https://dictionary.basabali.org/Cok
Cok balu	cok balu	https://dictionary.basabali.org/Cok_balu
Cokcok	cokcok	https://dictionary.basabali.org/Cokcok
Cokeh	cokeh	https://dictionary.basabali.org/Cokeh
Cokeli	cokeli	https://dictionary.basabali.org/Cokeli
Coklat	coklat	https://dictionary.basabali.org/Coklat
Cokok	cokok	https://dictionary.basabali.org/Cokok
Cokor	cokor	https://dictionary.basabali.org/Cokor
Cokorda	cokorda	https://dictionary.basabali.org/Cokorda
Cokot	cokot	https://dictionary.basabali.org/Cokot
Colek	colek	https://dictionary.basabali.org/Colek
Colo	colo	https://dictionary.basabali.org/Colo
Coloh	coloh	https://dictionary.basabali.org/Coloh
Colok	colok	https://dictionary.basabali.org/Colok
Colong	colong	https://dictionary.basabali.org/Colong
Colong papah	colong papah	https://dictionary.basabali.org/Colong_papah
Coma	coma	https://dictionary.basabali.org/Coma
Comel	comel	https://dictionary.basabali.org/Comel
Compeng	compeng	https://dictionary.basabali.org/Compeng
Compong	compong	https://dictionary.basabali.org/Compong
Condong	condong	https://dictionary.basabali.org/Condong
Congah	congah	https://dictionary.basabali.org/Congah
Congcong	congcong	https://dictionary.basabali.org/Congcong
Conge-conge	conge-conge	https://dictionary.basabali.org/Conge-conge
Congeh	congeh	https://dictionary.basabali.org/Congeh
Congkak	congkak	https://dictionary.basabali.org/Congkak
Congkeh	congkeh	https://dictionary.basabali.org/Congkeh
Congklok	congklok	https://dictionary.basabali.org/Congklok
Congkod	congkod	https://dictionary.basabali.org/Congkod
Cono	cono	https://dictionary.basabali.org/Cono
Conto	conto	https://dictionary.basabali.org/Conto
Contok	contok	https://dictionary.basabali.org/Contok
Contreng	contreng	https://dictionary.basabali.org/Contreng
Coong	coong	https://dictionary.basabali.org/Coong
Copah	copah	https://dictionary.basabali.org/Copah
Copet	copet	https://dictionary.basabali.org/Copet
Coples	coples	https://dictionary.basabali.org/Coples
Cor	cor	https://dictionary.basabali.org/Cor
Corah	corah	https://dictionary.basabali.org/Corah
Corahan	corahan	https://dictionary.basabali.org/Corahan
Corak	corak	https://dictionary.basabali.org/Corak
Corcor	corcor	https://dictionary.basabali.org/Corcor
Corek	corek	https://dictionary.basabali.org/Corek
Corong	corong	https://dictionary.basabali.org/Corong
Cote	cote	https://dictionary.basabali.org/Cote
Cotek	cotek	https://dictionary.basabali.org/Cotek
Cotol	cotol	https://dictionary.basabali.org/Cotol
Coton	coton	https://dictionary.basabali.org/Coton
Cracah	cracah	https://dictionary.basabali.org/Cracah
Cracapan	cracapan	https://dictionary.basabali.org/Cracapan
Craki	craki	https://dictionary.basabali.org/Craki
Craki keling	craki keling	https://dictionary.basabali.org/Craki_keling
Cramah	cramah	https://dictionary.basabali.org/Cramah
Cramcam	cramcam	https://dictionary.basabali.org/Cramcam
Crawis	crawis	https://dictionary.basabali.org/Crawis
Creceh	creceh	https://dictionary.basabali.org/Creceh
Crekcek	crekcek	https://dictionary.basabali.org/Crekcek
Creki	creki	https://dictionary.basabali.org/Creki
Creme	creme	https://dictionary.basabali.org/Creme
Cremi	cremi	https://dictionary.basabali.org/Cremi
Crenggah	crenggah	https://dictionary.basabali.org/Crenggah
Creretin	creretin	https://dictionary.basabali.org/Creretin
Crewet	crewet	https://dictionary.basabali.org/Crewet
Criritan	criritan	https://dictionary.basabali.org/Criritan
Crita	crita	https://dictionary.basabali.org/Crita
Crobo	crobo	https://dictionary.basabali.org/Crobo
Crongcong	crongcong	https://dictionary.basabali.org/Crongcong
Croring	croring	https://dictionary.basabali.org/Croring
Crorot	crorot	https://dictionary.basabali.org/Crorot
Cruing	cruing	https://dictionary.basabali.org/Cruing
Crukcuk	crukcuk	https://dictionary.basabali.org/Crukcuk
Cub	cub	https://dictionary.basabali.org/Cub
Cubang	cubang	https://dictionary.basabali.org/Cubang
Cublik	cublik	https://dictionary.basabali.org/Cublik
Cubluk	cubluk	https://dictionary.basabali.org/Cubluk
Cucu	cucu	https://dictionary.basabali.org/Cucu
Cucud	cucud	https://dictionary.basabali.org/Cucud
Cucuk	cucuk	https://dictionary.basabali.org/Cucuk
Cueng	cueng	https://dictionary.basabali.org/Cueng
Cuet	cuet	https://dictionary.basabali.org/Cuet
Cuil	cuil	https://dictionary.basabali.org/Cuil
Cuk	cuk	https://dictionary.basabali.org/Cuk
Cuk cuk dar	cuk cuk dar	https://dictionary.basabali.org/Cuk_cuk_dar
Cuka	cuka	https://dictionary.basabali.org/Cuka
Cukcuk	cukcuk	https://dictionary.basabali.org/Cukcuk
Cuken	cuken	https://dictionary.basabali.org/Cuken
Cuki	cuki	https://dictionary.basabali.org/Cuki
Cukit	cukit	https://dictionary.basabali.org/Cukit
Cukup	cukup	https://dictionary.basabali.org/Cukup
Cukur	cukur	https://dictionary.basabali.org/Cukur
Cula	cula	https://dictionary.basabali.org/Cula
Culalong	culalong	https://dictionary.basabali.org/Culalong
Culig	culig	https://dictionary.basabali.org/Culig
Culing	culing	https://dictionary.basabali.org/Culing
Culuung	culuung	https://dictionary.basabali.org/Culuung
Cumbuana	cumbuana	https://dictionary.basabali.org/Cumbuana
Cumpu	cumpu	https://dictionary.basabali.org/Cumpu
Cundang	cundang	https://dictionary.basabali.org/Cundang
Cundang bayar	cundang bayar	https://dictionary.basabali.org/Cundang_bayar
Cunding	cunding	https://dictionary.basabali.org/Cunding
Cunduk	cunduk	https://dictionary.basabali.org/Cunduk
Cungih	cungih	https://dictionary.basabali.org/Cungih
Cungklik	cungklik	https://dictionary.basabali.org/Cungklik
Cunguh	cunguh	https://dictionary.basabali.org/Cunguh
Cuntaka	cuntaka	https://dictionary.basabali.org/Cuntaka
Cupak	cupak	https://dictionary.basabali.org/Cupak
Cupar	cupar	https://dictionary.basabali.org/Cupar
Cupek	cupek	https://dictionary.basabali.org/Cupek
Cupik	cupik	https://dictionary.basabali.org/Cupik
Cupit	cupit	https://dictionary.basabali.org/Cupit
Cupu	cupu	https://dictionary.basabali.org/Cupu
Curek	curek	https://dictionary.basabali.org/Curek
Curiga	curiga	https://dictionary.basabali.org/Curiga
Curik	curik	https://dictionary.basabali.org/Curik
Curing	curing	https://dictionary.basabali.org/Curing
Curna	curna	https://dictionary.basabali.org/Curna
Cutet	cutet	https://dictionary.basabali.org/Cutet
Cyuta	cyuta	https://dictionary.basabali.org/Cyuta
Céléng ogro	céléng ogro	https://dictionary.basabali.org/C%C3%A9l%C3%A9ng_ogro
