title	text	path
A	a	https://dictionary.basabali.org/A
Aa	aa	https://dictionary.basabali.org/Aa
Aab	aab	https://dictionary.basabali.org/Aab
Aad	aad	https://dictionary.basabali.org/Aad
Aag	aag	https://dictionary.basabali.org/Aag
Aang	aang	https://dictionary.basabali.org/Aang
Aantaran	aantaran	https://dictionary.basabali.org/Aantaran
Aas	aas	https://dictionary.basabali.org/Aas
Aasan	aasan	https://dictionary.basabali.org/Aasan
Aat-aatan	aat-aatan	https://dictionary.basabali.org/Aat-aatan
Aba	aba	https://dictionary.basabali.org/Aba
Abaang	abaang	https://dictionary.basabali.org/Abaang
Abab	abab	https://dictionary.basabali.org/Abab
Ababan	ababan	https://dictionary.basabali.org/Ababan
Abah	abah	https://dictionary.basabali.org/Abah
Abah uma	abah uma	https://dictionary.basabali.org/Abah_uma
Abah-abah	abah-abah	https://dictionary.basabali.org/Abah-abah
Abang	abang	https://dictionary.basabali.org/Abang
Abang age	abang age	https://dictionary.basabali.org/Abang_age
Abangan	abangan	https://dictionary.basabali.org/Abangan
Abaong	abaong	https://dictionary.basabali.org/Abaong
Abara	abara	https://dictionary.basabali.org/Abara
Abarung	abarung	https://dictionary.basabali.org/Abarung
Abas	abas	https://dictionary.basabali.org/Abas
Abasan	abasan	https://dictionary.basabali.org/Abasan
Abedik	abedik	https://dictionary.basabali.org/Abedik
Aben	aben	https://dictionary.basabali.org/Aben
Abenang	abenang	https://dictionary.basabali.org/Abenang
Abenanga	abenanga	https://dictionary.basabali.org/Abenanga
Abenat	abenat	https://dictionary.basabali.org/Abenat
Abesbes	abesbes	https://dictionary.basabali.org/Abesbes
Abesik	abesik	https://dictionary.basabali.org/Abesik
Abet	abet	https://dictionary.basabali.org/Abet
Abetekan	abetekan	https://dictionary.basabali.org/Abetekan
Abetekan lelintah	abetekan lelintah	https://dictionary.basabali.org/Abetekan_lelintah
Abhogari	abhogari	https://dictionary.basabali.org/Abhogari
Abian	abian	https://dictionary.basabali.org/Abian
Abicara	abicara	https://dictionary.basabali.org/Abicara
Abih	abih	https://dictionary.basabali.org/Abih
Abiha	abiha	https://dictionary.basabali.org/Abiha
Abilan	abilan	https://dictionary.basabali.org/Abilan
Abin	abin	https://dictionary.basabali.org/Abin
Abing	abing	https://dictionary.basabali.org/Abing
Abir	abir	https://dictionary.basabali.org/Abir
Ablegag	ablegag	https://dictionary.basabali.org/Ablegag
Abon	abon	https://dictionary.basabali.org/Abon
Abongkos	abongkos	https://dictionary.basabali.org/Abongkos
Abot	abot	https://dictionary.basabali.org/Abot
Abra	abra	https://dictionary.basabali.org/Abra
Abrésé	abrésé	https://dictionary.basabali.org/Abr%C3%A9s%C3%A9
Absen	absen	https://dictionary.basabali.org/Absen
Abu	abu	https://dictionary.basabali.org/Abu
Abug	abug	https://dictionary.basabali.org/Abug
Abuk	abuk	https://dictionary.basabali.org/Abuk
Abuku	abuku	https://dictionary.basabali.org/Abuku
Abulih	abulih	https://dictionary.basabali.org/Abulih
Abungkul	abungkul	https://dictionary.basabali.org/Abungkul
Abut	abut	https://dictionary.basabali.org/Abut
Acamplusan	acamplusan	https://dictionary.basabali.org/Acamplusan
Acara	acara	https://dictionary.basabali.org/Acara
Acarya	acarya	https://dictionary.basabali.org/Acarya
Acekel	acekel	https://dictionary.basabali.org/Acekel
Acengkang	acengkang	https://dictionary.basabali.org/Acengkang
Acep	acep	https://dictionary.basabali.org/Acep
Acep-acepan	acep-acepan	https://dictionary.basabali.org/Acep-acepan
Acepan	acepan	https://dictionary.basabali.org/Acepan
Acepok	acepok	https://dictionary.basabali.org/Acepok
Aci	aci	https://dictionary.basabali.org/Aci
Aci-aci	aci-aci	https://dictionary.basabali.org/Aci-aci
Acolekan	acolekan	https://dictionary.basabali.org/Acolekan
Acreng	acreng	https://dictionary.basabali.org/Acreng
Acum	acum	https://dictionary.basabali.org/Acum
Acutak	acutak	https://dictionary.basabali.org/Acutak
Ada	ada	https://dictionary.basabali.org/Ada
Adaang	adaang	https://dictionary.basabali.org/Adaang
Adadana	adadana	https://dictionary.basabali.org/Adadana
Adake	adake	https://dictionary.basabali.org/Adake
Adan	adan	https://dictionary.basabali.org/Adan
Adang	adang	https://dictionary.basabali.org/Adang
Adanina	adanina	https://dictionary.basabali.org/Adanina
Adar	adar	https://dictionary.basabali.org/Adar
Adas	adas	https://dictionary.basabali.org/Adas
Adat	adat	https://dictionary.basabali.org/Adat
Adeg	adeg	https://dictionary.basabali.org/Adeg
Adeg kurna	adeg kurna	https://dictionary.basabali.org/Adeg_kurna
Adegan	adegan	https://dictionary.basabali.org/Adegan
Adegan tenggala	adegan tenggala	https://dictionary.basabali.org/Adegan_tenggala
Adek	adek	https://dictionary.basabali.org/Adek
Adem	adem	https://dictionary.basabali.org/Adem
Adenan	adenan	https://dictionary.basabali.org/Adenan
Adeng	adeng	https://dictionary.basabali.org/Adeng
Adeng-adeng	adeng-adeng	https://dictionary.basabali.org/Adeng-adeng
Adengan	adengan	https://dictionary.basabali.org/Adengan
Adep	adep	https://dictionary.basabali.org/Adep
Adepa	adepa	https://dictionary.basabali.org/Adepa
Adepuk	adepuk	https://dictionary.basabali.org/Adepuk
Adi	adi	https://dictionary.basabali.org/Adi
Adi Parwa	adi parwa	https://dictionary.basabali.org/Adi_Parwa
Adi kesuma	adi kesuma	https://dictionary.basabali.org/Adi_kesuma
Adikerti buyana taya murcéta	adikerti buyana taya murcéta	https://dictionary.basabali.org/Adikerti_buyana_taya_murc%C3%A9ta
Adil	adil	https://dictionary.basabali.org/Adil
Adina	adina	https://dictionary.basabali.org/Adina
Adiné	adiné	https://dictionary.basabali.org/Adin%C3%A9
Adiri	adiri	https://dictionary.basabali.org/Adiri
Aditya	aditya	https://dictionary.basabali.org/Aditya
Adnya	adnya	https://dictionary.basabali.org/Adnya
Adoh	adoh	https://dictionary.basabali.org/Adoh
Adol	adol	https://dictionary.basabali.org/Adol
Adol-adolan	adol-adolan	https://dictionary.basabali.org/Adol-adolan
Adola	adola	https://dictionary.basabali.org/Adola
Adolang	adolang	https://dictionary.basabali.org/Adolang
Adonan	adonan	https://dictionary.basabali.org/Adonan
Adri	adri	https://dictionary.basabali.org/Adri
Adu	adu	https://dictionary.basabali.org/Adu
Adua	adua	https://dictionary.basabali.org/Adua
Aduh	aduh	https://dictionary.basabali.org/Aduh
Aduk	aduk	https://dictionary.basabali.org/Aduk
Aduk-aduk	aduk-aduk	https://dictionary.basabali.org/Aduk-aduk
Adukang	adukang	https://dictionary.basabali.org/Adukang
Adung	adung	https://dictionary.basabali.org/Adung
Adungang	adungang	https://dictionary.basabali.org/Adungang
Adwitia	adwitia	https://dictionary.basabali.org/Adwitia
Aeng	aeng	https://dictionary.basabali.org/Aeng
Aep	aep	https://dictionary.basabali.org/Aep
Aet	aet	https://dictionary.basabali.org/Aet
Aga siluman	aga siluman	https://dictionary.basabali.org/Aga_siluman
Agak	agak	https://dictionary.basabali.org/Agak
Agal	agal	https://dictionary.basabali.org/Agal
Agama	agama	https://dictionary.basabali.org/Agama
Age	age	https://dictionary.basabali.org/Age
Agebog	agebog	https://dictionary.basabali.org/Agebog
Agel	agel	https://dictionary.basabali.org/Agel
Agelung	agelung	https://dictionary.basabali.org/Agelung
Agem	agem	https://dictionary.basabali.org/Agem
Agem-ageman	agem-ageman	https://dictionary.basabali.org/Agem-ageman
Agemel	agemel	https://dictionary.basabali.org/Agemel
Agen	agen	https://dictionary.basabali.org/Agen
Agence	agence	https://dictionary.basabali.org/Agence
Ageng	ageng	https://dictionary.basabali.org/Ageng
Aget	aget	https://dictionary.basabali.org/Aget
Agil	agil	https://dictionary.basabali.org/Agil
Agni	agni	https://dictionary.basabali.org/Agni
Agol	agol	https://dictionary.basabali.org/Agol
Agra	agra	https://dictionary.basabali.org/Agra
Agrakara	agrakara	https://dictionary.basabali.org/Agrakara
Agud	agud	https://dictionary.basabali.org/Agud
Aguli	aguli	https://dictionary.basabali.org/Aguli
Agumpitan	agumpitan	https://dictionary.basabali.org/Agumpitan
Agung	agung	https://dictionary.basabali.org/Agung
Ah	ah	https://dictionary.basabali.org/Ah
Ahimsa	ahimsa	https://dictionary.basabali.org/Ahimsa
Ai	ai	https://dictionary.basabali.org/Ai
Aijas	aijas	https://dictionary.basabali.org/Aijas
Aijeng	aijeng	https://dictionary.basabali.org/Aijeng
Aileh	aileh	https://dictionary.basabali.org/Aileh
Aina	aina	https://dictionary.basabali.org/Aina
Air	air	https://dictionary.basabali.org/Air
Ais	ais	https://dictionary.basabali.org/Ais
Aiswaryan	aiswaryan	https://dictionary.basabali.org/Aiswaryan
Ajah	ajah	https://dictionary.basabali.org/Ajah
Ajahan	ajahan	https://dictionary.basabali.org/Ajahan
Ajahin	ajahin	https://dictionary.basabali.org/Ajahin
Ajak	ajak	https://dictionary.basabali.org/Ajak
Ajaka	ajaka	https://dictionary.basabali.org/Ajaka
Ajakanan	ajakanan	https://dictionary.basabali.org/Ajakanan
Ajang	ajang	https://dictionary.basabali.org/Ajang
Ajanian	ajanian	https://dictionary.basabali.org/Ajanian
Ajap	ajap	https://dictionary.basabali.org/Ajap
Ajar	ajar	https://dictionary.basabali.org/Ajar
Ajawera	ajawera	https://dictionary.basabali.org/Ajawera
Ajebos	ajebos	https://dictionary.basabali.org/Ajebos
Ajeg	ajeg	https://dictionary.basabali.org/Ajeg
Ajeg Bali	ajeg bali	https://dictionary.basabali.org/Ajeg_Bali
Ajegang	ajegang	https://dictionary.basabali.org/Ajegang
Ajeng	ajeng	https://dictionary.basabali.org/Ajeng
Ajeng-ajengan	ajeng-ajengan	https://dictionary.basabali.org/Ajeng-ajengan
Ajenga	ajenga	https://dictionary.basabali.org/Ajenga
Ajengan	ajengan	https://dictionary.basabali.org/Ajengan
Ajengkal	ajengkal	https://dictionary.basabali.org/Ajengkal
Ajer	ajer	https://dictionary.basabali.org/Ajer
Ajerih	ajerih	https://dictionary.basabali.org/Ajerih
Aji	aji	https://dictionary.basabali.org/Aji
Aji kuda	aji kuda	https://dictionary.basabali.org/Aji_kuda
Aji wegig	aji wegig	https://dictionary.basabali.org/Aji_wegig
Ajin	ajin	https://dictionary.basabali.org/Ajin
Ajinang	ajinang	https://dictionary.basabali.org/Ajinang
Aju	aju	https://dictionary.basabali.org/Aju
Ajuang	ajuang	https://dictionary.basabali.org/Ajuang
Ajuanga	ajuanga	https://dictionary.basabali.org/Ajuanga
Ajum	ajum	https://dictionary.basabali.org/Ajum
Ajum-ajuman	ajum-ajuman	https://dictionary.basabali.org/Ajum-ajuman
Ajuma	ajuma	https://dictionary.basabali.org/Ajuma
Ajuman	ajuman	https://dictionary.basabali.org/Ajuman
Ajumandirana	ajumandirana	https://dictionary.basabali.org/Ajumandirana
Ajumang	ajumang	https://dictionary.basabali.org/Ajumang
Ajung	ajung	https://dictionary.basabali.org/Ajung
Akadang	akadang	https://dictionary.basabali.org/Akadang
Akah	akah	https://dictionary.basabali.org/Akah
Akah Apine	akah apine	https://dictionary.basabali.org/Akah_Apine
Akah-akahan	akah-akahan	https://dictionary.basabali.org/Akah-akahan
Akal	akal	https://dictionary.basabali.org/Akal
Akamarin	akamarin	https://dictionary.basabali.org/Akamarin
Akandung	akandung	https://dictionary.basabali.org/Akandung
Akara	akara	https://dictionary.basabali.org/Akara
Akas	akas	https://dictionary.basabali.org/Akas
Akasa	akasa	https://dictionary.basabali.org/Akasa
Akasia	akasia	https://dictionary.basabali.org/Akasia
Akatih	akatih	https://dictionary.basabali.org/Akatih
Ake	ake	https://dictionary.basabali.org/Ake
Akebiasan	akebiasan	https://dictionary.basabali.org/Akebiasan
Akebis	akebis	https://dictionary.basabali.org/Akebis
Akebisan	akebisan	https://dictionary.basabali.org/Akebisan
Akeciran	akeciran	https://dictionary.basabali.org/Akeciran
Akedik	akedik	https://dictionary.basabali.org/Akedik
Akeh	akeh	https://dictionary.basabali.org/Akeh
Akehan	akehan	https://dictionary.basabali.org/Akehan
Akejep	akejep	https://dictionary.basabali.org/Akejep
Akelan	akelan	https://dictionary.basabali.org/Akelan
Aken	aken	https://dictionary.basabali.org/Aken
Akenang	akenang	https://dictionary.basabali.org/Akenang
Akenjang	akenjang	https://dictionary.basabali.org/Akenjang
Akes	akes	https://dictionary.basabali.org/Akes
Aketelan	aketelan	https://dictionary.basabali.org/Aketelan
Aketeng	aketeng	https://dictionary.basabali.org/Aketeng
Aketi	aketi	https://dictionary.basabali.org/Aketi
Akibik	akibik	https://dictionary.basabali.org/Akibik
Akidik	akidik	https://dictionary.basabali.org/Akidik
Akijapan	akijapan	https://dictionary.basabali.org/Akijapan
Aking	aking	https://dictionary.basabali.org/Aking
Akit	akit	https://dictionary.basabali.org/Akit
Aklambian	aklambian	https://dictionary.basabali.org/Aklambian
Aksama	aksama	https://dictionary.basabali.org/Aksama
Aksara	aksara	https://dictionary.basabali.org/Aksara
Aksara swalalita	aksara swalalita	https://dictionary.basabali.org/Aksara_swalalita
Aksara wayah	aksara wayah	https://dictionary.basabali.org/Aksara_wayah
Aksara wreastra	aksara wreastra	https://dictionary.basabali.org/Aksara_wreastra
Aksi	aksi	https://dictionary.basabali.org/Aksi
Aku	aku	https://dictionary.basabali.org/Aku
Akuda	akuda	https://dictionary.basabali.org/Akuda
Akueh	akueh	https://dictionary.basabali.org/Akueh
Akupak	akupak	https://dictionary.basabali.org/Akupak
Ala	ala	https://dictionary.basabali.org/Ala
Ala ayu	ala ayu	https://dictionary.basabali.org/Ala_ayu
Ala ngamah-amah	ala ngamah-amah	https://dictionary.basabali.org/Ala_ngamah-amah
Alab	alab	https://dictionary.basabali.org/Alab
Aladang	aladang	https://dictionary.basabali.org/Aladang
Aladanga	aladanga	https://dictionary.basabali.org/Aladanga
Alah	alah	https://dictionary.basabali.org/Alah
Alahang	alahang	https://dictionary.basabali.org/Alahang
Alaki-rabi	alaki-rabi	https://dictionary.basabali.org/Alaki-rabi
Alaksa	alaksa	https://dictionary.basabali.org/Alaksa
Alang	alang	https://dictionary.basabali.org/Alang
Alangan	alangan	https://dictionary.basabali.org/Alangan
Alangkat	alangkat	https://dictionary.basabali.org/Alangkat
Alantak	alantak	https://dictionary.basabali.org/Alantak
Alap	alap	https://dictionary.basabali.org/Alap
Alas	alas	https://dictionary.basabali.org/Alas
Alase	alase	https://dictionary.basabali.org/Alase
Aleban	aleban	https://dictionary.basabali.org/Aleban
Aled	aled	https://dictionary.basabali.org/Aled
Alep	alep	https://dictionary.basabali.org/Alep
Ali-ali	ali-ali	https://dictionary.basabali.org/Ali-ali
Alid	alid	https://dictionary.basabali.org/Alid
Alih	alih	https://dictionary.basabali.org/Alih
Alih-alihan	alih-alihan	https://dictionary.basabali.org/Alih-alihan
Alih-basa	alih-basa	https://dictionary.basabali.org/Alih-basa
Aliha	aliha	https://dictionary.basabali.org/Aliha
Alihang	alihang	https://dictionary.basabali.org/Alihang
Alihanga	alihanga	https://dictionary.basabali.org/Alihanga
Alihin	alihin	https://dictionary.basabali.org/Alihin
Alihpati	alihpati	https://dictionary.basabali.org/Alihpati
Alika	alika	https://dictionary.basabali.org/Alika
Alikan	alikan	https://dictionary.basabali.org/Alikan
Aling-aling	aling-aling	https://dictionary.basabali.org/Aling-aling
Alingan	alingan	https://dictionary.basabali.org/Alingan
Alis	alis	https://dictionary.basabali.org/Alis
Alis-alis	alis-alis	https://dictionary.basabali.org/Alis-alis
Alit	alit	https://dictionary.basabali.org/Alit
Alitan	alitan	https://dictionary.basabali.org/Alitan
Alok	alok	https://dictionary.basabali.org/Alok
Aloka	aloka	https://dictionary.basabali.org/Aloka
Alon	alon	https://dictionary.basabali.org/Alon
Alon-alon	alon-alon	https://dictionary.basabali.org/Alon-alon
Alpaka	alpaka	https://dictionary.basabali.org/Alpaka
Alpaka guru	alpaka guru	https://dictionary.basabali.org/Alpaka_guru
Alpaprana	alpaprana	https://dictionary.basabali.org/Alpaprana
Alpayusa	alpayusa	https://dictionary.basabali.org/Alpayusa
Alu	alu	https://dictionary.basabali.org/Alu
Aluh	aluh	https://dictionary.basabali.org/Aluh
Aluhang	aluhang	https://dictionary.basabali.org/Aluhang
Aluhanga	aluhanga	https://dictionary.basabali.org/Aluhanga
Aluhin	aluhin	https://dictionary.basabali.org/Aluhin
Alum	alum	https://dictionary.basabali.org/Alum
Alumin	alumin	https://dictionary.basabali.org/Alumin
Alun	alun	https://dictionary.basabali.org/Alun
Alun-alun	alun-alun	https://dictionary.basabali.org/Alun-alun
Alune	alune	https://dictionary.basabali.org/Alune
Alus	alus	https://dictionary.basabali.org/Alus
Alus mider	alus mider	https://dictionary.basabali.org/Alus_mider
Alutan	alutan	https://dictionary.basabali.org/Alutan
Amabar buana	amabar buana	https://dictionary.basabali.org/Amabar_buana
Amah	amah	https://dictionary.basabali.org/Amah
Amah-amahan	amah-amahan	https://dictionary.basabali.org/Amah-amahan
Amaha	amaha	https://dictionary.basabali.org/Amaha
Amal	amal	https://dictionary.basabali.org/Amal
Aman	aman	https://dictionary.basabali.org/Aman
Amanastuti	amanastuti	https://dictionary.basabali.org/Amanastuti
Amati geni	amati geni	https://dictionary.basabali.org/Amati_geni
Amati karya	amati karya	https://dictionary.basabali.org/Amati_karya
Amati lelanguan	amati lelanguan	https://dictionary.basabali.org/Amati_lelanguan
Amati lelungan	amati lelungan	https://dictionary.basabali.org/Amati_lelungan
Ambah	ambah	https://dictionary.basabali.org/Ambah
Ambah-ambahan	ambah-ambahan	https://dictionary.basabali.org/Ambah-ambahan
Ambahin	ambahin	https://dictionary.basabali.org/Ambahin
Ambahina	ambahina	https://dictionary.basabali.org/Ambahina
Ambar sari	ambar sari	https://dictionary.basabali.org/Ambar_sari
Ambara	ambara	https://dictionary.basabali.org/Ambara
Ambaralaya	ambaralaya	https://dictionary.basabali.org/Ambaralaya
Ambat	ambat	https://dictionary.basabali.org/Ambat
Ambawang	ambawang	https://dictionary.basabali.org/Ambawang
Ambe	ambe	https://dictionary.basabali.org/Ambe
Ambed	ambed	https://dictionary.basabali.org/Ambed
Ambedang	ambedang	https://dictionary.basabali.org/Ambedang
Ambedanga	ambedanga	https://dictionary.basabali.org/Ambedanga
Ambedin	ambedin	https://dictionary.basabali.org/Ambedin
Ambedina	ambedina	https://dictionary.basabali.org/Ambedina
Ambeg paramarta	ambeg paramarta	https://dictionary.basabali.org/Ambeg_paramarta
Ambek	ambek	https://dictionary.basabali.org/Ambek
Amben	amben	https://dictionary.basabali.org/Amben
Ambena	ambena	https://dictionary.basabali.org/Ambena
Ambengan	ambengan	https://dictionary.basabali.org/Ambengan
Ambet	ambet	https://dictionary.basabali.org/Ambet
Ambil	ambil	https://dictionary.basabali.org/Ambil
Ambin	ambin	https://dictionary.basabali.org/Ambin
Ambres	ambres	https://dictionary.basabali.org/Ambres
Ambu	ambu	https://dictionary.basabali.org/Ambu
Ambuak	ambuak	https://dictionary.basabali.org/Ambuak
Ambuh	ambuh	https://dictionary.basabali.org/Ambuh
Ambuhang	ambuhang	https://dictionary.basabali.org/Ambuhang
Ambuhanga	ambuhanga	https://dictionary.basabali.org/Ambuhanga
Ambuhin	ambuhin	https://dictionary.basabali.org/Ambuhin
Ambuhina	ambuhina	https://dictionary.basabali.org/Ambuhina
Ambul	ambul	https://dictionary.basabali.org/Ambul
Ambun	ambun	https://dictionary.basabali.org/Ambun
Ambungan	ambungan	https://dictionary.basabali.org/Ambungan
Ambénin	ambénin	https://dictionary.basabali.org/Amb%C3%A9nin
Amel-amel	amel-amel	https://dictionary.basabali.org/Amel-amel
Ameng	ameng	https://dictionary.basabali.org/Ameng
Ameng-ameng	ameng-ameng	https://dictionary.basabali.org/Ameng-ameng
Amerah	amerah	https://dictionary.basabali.org/Amerah
Amerta	amerta	https://dictionary.basabali.org/Amerta
Amik-amikan	amik-amikan	https://dictionary.basabali.org/Amik-amikan
Amis-amisan	amis-amisan	https://dictionary.basabali.org/Amis-amisan
Amla	amla	https://dictionary.basabali.org/Amla
Among	among	https://dictionary.basabali.org/Among
Among-amongan	among-amongan	https://dictionary.basabali.org/Among-amongan
Amongken	amongken	https://dictionary.basabali.org/Amongken
Amonto	amonto	https://dictionary.basabali.org/Amonto
Amontor	amontor	https://dictionary.basabali.org/Amontor
Amor	amor	https://dictionary.basabali.org/Amor
Ampad	ampad	https://dictionary.basabali.org/Ampad
Ampah	ampah	https://dictionary.basabali.org/Ampah
Ampahang	ampahang	https://dictionary.basabali.org/Ampahang
Ampak	ampak	https://dictionary.basabali.org/Ampak
Ampakang	ampakang	https://dictionary.basabali.org/Ampakang
Ampal	ampal	https://dictionary.basabali.org/Ampal
Ampan	ampan	https://dictionary.basabali.org/Ampan
Ampas	ampas	https://dictionary.basabali.org/Ampas
Ampehang	ampehang	https://dictionary.basabali.org/Ampehang
Ampel gading	ampel gading	https://dictionary.basabali.org/Ampel_gading
Ampen	ampen	https://dictionary.basabali.org/Ampen
Ampigang	ampigang	https://dictionary.basabali.org/Ampigang
Ampik	ampik	https://dictionary.basabali.org/Ampik
Amplas	amplas	https://dictionary.basabali.org/Amplas
Amplem	amplem	https://dictionary.basabali.org/Amplem
Amplop	amplop	https://dictionary.basabali.org/Amplop
Ampo	ampo	https://dictionary.basabali.org/Ampo
Ampok-ampok	ampok-ampok	https://dictionary.basabali.org/Ampok-ampok
Amprag	amprag	https://dictionary.basabali.org/Amprag
Ampru	ampru	https://dictionary.basabali.org/Ampru
Ampud	ampud	https://dictionary.basabali.org/Ampud
Ampuhan	ampuhan	https://dictionary.basabali.org/Ampuhan
Ampun	ampun	https://dictionary.basabali.org/Ampun
Ampung	ampung	https://dictionary.basabali.org/Ampung
Ampura	ampura	https://dictionary.basabali.org/Ampura
Ampurayang	ampurayang	https://dictionary.basabali.org/Ampurayang
Amputan	amputan	https://dictionary.basabali.org/Amputan
Amulet	amulet	https://dictionary.basabali.org/Amulet
Amun	amun	https://dictionary.basabali.org/Amun
Amunapa	amunapa	https://dictionary.basabali.org/Amunapa
Amunapi	amunapi	https://dictionary.basabali.org/Amunapi
Amung	amung	https://dictionary.basabali.org/Amung
Amunika	amunika	https://dictionary.basabali.org/Amunika
Amuniki	amuniki	https://dictionary.basabali.org/Amuniki
Amunne	amunne	https://dictionary.basabali.org/Amunne
Ana	ana	https://dictionary.basabali.org/Ana
Anagata	anagata	https://dictionary.basabali.org/Anagata
Anak	anak	https://dictionary.basabali.org/Anak
Anak-anakan	anak-anakan	https://dictionary.basabali.org/Anak-anakan
Anake	anake	https://dictionary.basabali.org/Anake
Anaman	anaman	https://dictionary.basabali.org/Anaman
Anamika	anamika	https://dictionary.basabali.org/Anamika
Ananda Maya Kosa	ananda maya kosa	https://dictionary.basabali.org/Ananda_Maya_Kosa
Anantabhoga	anantabhoga	https://dictionary.basabali.org/Anantabhoga
Anantaboga	anantaboga	https://dictionary.basabali.org/Anantaboga
Ancak	ancak	https://dictionary.basabali.org/Ancak
Ancak-ancak	ancak-ancak	https://dictionary.basabali.org/Ancak-ancak
Ancala	ancala	https://dictionary.basabali.org/Ancala
Ancang	ancang	https://dictionary.basabali.org/Ancang
Ancangan	ancangan	https://dictionary.basabali.org/Ancangan
Anceng	anceng	https://dictionary.basabali.org/Anceng
Anci	anci	https://dictionary.basabali.org/Anci
Ancih-ancihan	ancih-ancihan	https://dictionary.basabali.org/Ancih-ancihan
Ancit	ancit	https://dictionary.basabali.org/Ancit
Ancrog-ancrog	ancrog-ancrog	https://dictionary.basabali.org/Ancrog-ancrog
Ancung	ancung	https://dictionary.basabali.org/Ancung
Ancungang	ancungang	https://dictionary.basabali.org/Ancungang
Ancunganga	ancunganga	https://dictionary.basabali.org/Ancunganga
Ancungin	ancungin	https://dictionary.basabali.org/Ancungin
Ancungina	ancungina	https://dictionary.basabali.org/Ancungina
Ancut	ancut	https://dictionary.basabali.org/Ancut
Anda	anda	https://dictionary.basabali.org/Anda
Andang	andang	https://dictionary.basabali.org/Andang
Andar	andar	https://dictionary.basabali.org/Andar
Andeg	andeg	https://dictionary.basabali.org/Andeg
Andel	andel	https://dictionary.basabali.org/Andel
Andel-andel	andel-andel	https://dictionary.basabali.org/Andel-andel
Andelan	andelan	https://dictionary.basabali.org/Andelan
Andet-andet	andet-andet	https://dictionary.basabali.org/Andet-andet
Andih	andih	https://dictionary.basabali.org/Andih
Andong	andong	https://dictionary.basabali.org/Andong
Anduk	anduk	https://dictionary.basabali.org/Anduk
Andul	andul	https://dictionary.basabali.org/Andul
Andungan	andungan	https://dictionary.basabali.org/Andungan
Andus	andus	https://dictionary.basabali.org/Andus
Ane	ane	https://dictionary.basabali.org/Ane
Aneh	aneh	https://dictionary.basabali.org/Aneh
Anehang	anehang	https://dictionary.basabali.org/Anehang
Angap-angap	angap-angap	https://dictionary.basabali.org/Angap-angap
Angas	angas	https://dictionary.basabali.org/Angas
Angayubagia	angayubagia	https://dictionary.basabali.org/Angayubagia
Angel	angel	https://dictionary.basabali.org/Angel
Angen	angen	https://dictionary.basabali.org/Angen
Angen-angen	angen-angen	https://dictionary.basabali.org/Angen-angen
Anget	anget	https://dictionary.basabali.org/Anget
Anget-anget	anget-anget	https://dictionary.basabali.org/Anget-anget
Angetang	angetang	https://dictionary.basabali.org/Angetang
Angga	angga	https://dictionary.basabali.org/Angga
Angga sarira	angga sarira	https://dictionary.basabali.org/Angga_sarira
Angga sunya sugana	angga sunya sugana	https://dictionary.basabali.org/Angga_sunya_sugana
Anggada	anggada	https://dictionary.basabali.org/Anggada
Anggapan	anggapan	https://dictionary.basabali.org/Anggapan
Anggara	anggara	https://dictionary.basabali.org/Anggara
Anggara krulut	anggara krulut	https://dictionary.basabali.org/Anggara_krulut
Anggara kuningan	anggara kuningan	https://dictionary.basabali.org/Anggara_kuningan
Anggara sungsang	anggara sungsang	https://dictionary.basabali.org/Anggara_sungsang
Anggara tambir	anggara tambir	https://dictionary.basabali.org/Anggara_tambir
Angge	angge	https://dictionary.basabali.org/Angge
Anggeh	anggeh	https://dictionary.basabali.org/Anggeh
Anggen	anggen	https://dictionary.basabali.org/Anggen
Anggena	anggena	https://dictionary.basabali.org/Anggena
Angget	angget	https://dictionary.basabali.org/Angget
Anggih	anggih	https://dictionary.basabali.org/Anggih
Anggit	anggit	https://dictionary.basabali.org/Anggit
Anggo	anggo	https://dictionary.basabali.org/Anggo
Anggon	anggon	https://dictionary.basabali.org/Anggon
Anggona	anggona	https://dictionary.basabali.org/Anggona
Anggrek	anggrek	https://dictionary.basabali.org/Anggrek
Anggur	anggur	https://dictionary.basabali.org/Anggur
Angguri	angguri	https://dictionary.basabali.org/Angguri
Anggurin	anggurin	https://dictionary.basabali.org/Anggurin
Anggut	anggut	https://dictionary.basabali.org/Anggut
Anggut-anggut	anggut-anggut	https://dictionary.basabali.org/Anggut-anggut
Angin	angin	https://dictionary.basabali.org/Angin
Angin baret	angin baret	https://dictionary.basabali.org/Angin_baret
Angin ngalinus	angin ngalinus	https://dictionary.basabali.org/Angin_ngalinus
Anginne	anginne	https://dictionary.basabali.org/Anginne
Angit	angit	https://dictionary.basabali.org/Angit
Angka	angka	https://dictionary.basabali.org/Angka
Angkabang	angkabang	https://dictionary.basabali.org/Angkabang
Angkabin	angkabin	https://dictionary.basabali.org/Angkabin
Angkara	angkara	https://dictionary.basabali.org/Angkara
Angkat-angkat	angkat-angkat	https://dictionary.basabali.org/Angkat-angkat
Angkeb	angkeb	https://dictionary.basabali.org/Angkeb
Angken	angken	https://dictionary.basabali.org/Angken
Angkep	angkep	https://dictionary.basabali.org/Angkep
Angker	angker	https://dictionary.basabali.org/Angker
Angkid	angkid	https://dictionary.basabali.org/Angkid
Angkih-angkih	angkih-angkih	https://dictionary.basabali.org/Angkih-angkih
Angkihan	angkihan	https://dictionary.basabali.org/Angkihan
Angkihang	angkihang	https://dictionary.basabali.org/Angkihang
Angkik-angkik	angkik-angkik	https://dictionary.basabali.org/Angkik-angkik
Angkitan	angkitan	https://dictionary.basabali.org/Angkitan
Angklung	angklung	https://dictionary.basabali.org/Angklung
Angkod-angkod	angkod-angkod	https://dictionary.basabali.org/Angkod-angkod
Angkodang	angkodang	https://dictionary.basabali.org/Angkodang
Angkot	angkot	https://dictionary.basabali.org/Angkot
Angkrah	angkrah	https://dictionary.basabali.org/Angkrah
Angkuh	angkuh	https://dictionary.basabali.org/Angkuh
Angkuk	angkuk	https://dictionary.basabali.org/Angkuk
Angkul-angkul	angkul-angkul	https://dictionary.basabali.org/Angkul-angkul
Angkus	angkus	https://dictionary.basabali.org/Angkus
Anglu	anglu	https://dictionary.basabali.org/Anglu
Angob	angob	https://dictionary.basabali.org/Angob
Angob-angoban	angob-angoban	https://dictionary.basabali.org/Angob-angoban
Angoh-angoh.	angoh-angoh.	https://dictionary.basabali.org/Angoh-angoh.
Angon	angon	https://dictionary.basabali.org/Angon
Angonang	angonang	https://dictionary.basabali.org/Angonang
Angonanga	angonanga	https://dictionary.basabali.org/Angonanga
Angsana	angsana	https://dictionary.basabali.org/Angsana
Angsangan	angsangan	https://dictionary.basabali.org/Angsangan
Angseg	angseg	https://dictionary.basabali.org/Angseg
Angseg-angseg	angseg-angseg	https://dictionary.basabali.org/Angseg-angseg
Angsel	angsel	https://dictionary.basabali.org/Angsel
Angsuh	angsuh	https://dictionary.basabali.org/Angsuh
Angsur	angsur	https://dictionary.basabali.org/Angsur
Angu	angu	https://dictionary.basabali.org/Angu
Angus	angus	https://dictionary.basabali.org/Angus
Anjir	anjir	https://dictionary.basabali.org/Anjir
Anjiran	anjiran	https://dictionary.basabali.org/Anjiran
Anjurina	anjurina	https://dictionary.basabali.org/Anjurina
Annamaya Kosa	annamaya kosa	https://dictionary.basabali.org/Annamaya_Kosa
Anom	anom	https://dictionary.basabali.org/Anom
Anoman	anoman	https://dictionary.basabali.org/Anoman
Anrawang	anrawang	https://dictionary.basabali.org/Anrawang
Antah	antah	https://dictionary.basabali.org/Antah
Antaka	antaka	https://dictionary.basabali.org/Antaka
Antanan	antanan	https://dictionary.basabali.org/Antanan
Antar	antar	https://dictionary.basabali.org/Antar
Antawali	antawali	https://dictionary.basabali.org/Antawali
Ante	ante	https://dictionary.basabali.org/Ante
Anteg	anteg	https://dictionary.basabali.org/Anteg
Antegang	antegang	https://dictionary.basabali.org/Antegang
Antek-antek	antek-antek	https://dictionary.basabali.org/Antek-antek
Antem	antem	https://dictionary.basabali.org/Antem
Anten	anten	https://dictionary.basabali.org/Anten
Anteng	anteng	https://dictionary.basabali.org/Anteng
Antep	antep	https://dictionary.basabali.org/Antep
Anti	anti	https://dictionary.basabali.org/Anti
Antiang	antiang	https://dictionary.basabali.org/Antiang
Antiga	antiga	https://dictionary.basabali.org/Antiga
Anting-anting	anting-anting	https://dictionary.basabali.org/Anting-anting
Antok-antok	antok-antok	https://dictionary.basabali.org/Antok-antok
Antol	antol	https://dictionary.basabali.org/Antol
Antos	antos	https://dictionary.basabali.org/Antos
Antosang	antosang	https://dictionary.basabali.org/Antosang
Antu Naga	antu naga	https://dictionary.basabali.org/Antu_Naga
Antugan	antugan	https://dictionary.basabali.org/Antugan
Antuk	antuk	https://dictionary.basabali.org/Antuk
Antukang	antukang	https://dictionary.basabali.org/Antukang
Antukanga	antukanga	https://dictionary.basabali.org/Antukanga
Antun	antun	https://dictionary.basabali.org/Antun
Anu	anu	https://dictionary.basabali.org/Anu
Anumana	anumana	https://dictionary.basabali.org/Anumana
Anungkurat	anungkurat	https://dictionary.basabali.org/Anungkurat
Anunne	anunne	https://dictionary.basabali.org/Anunne
Anuraga	anuraga	https://dictionary.basabali.org/Anuraga
Anut	anut	https://dictionary.basabali.org/Anut
Anyang	anyang	https://dictionary.basabali.org/Anyang
Anyang-anyangan	anyang-anyangan	https://dictionary.basabali.org/Anyang-anyangan
Anyar	anyar	https://dictionary.basabali.org/Anyar
Anyar-anyar	anyar-anyar	https://dictionary.basabali.org/Anyar-anyar
Anyar-anyaran	anyar-anyaran	https://dictionary.basabali.org/Anyar-anyaran
Anyarin	anyarin	https://dictionary.basabali.org/Anyarin
Anyi	anyi	https://dictionary.basabali.org/Anyi
Anyir	anyir	https://dictionary.basabali.org/Anyir
Anyong-anyong	anyong-anyong	https://dictionary.basabali.org/Anyong-anyong
Anyud	anyud	https://dictionary.basabali.org/Anyud
Anyudang	anyudang	https://dictionary.basabali.org/Anyudang
Anyung	anyung	https://dictionary.basabali.org/Anyung
Ao	ao	https://dictionary.basabali.org/Ao
Aon	aon	https://dictionary.basabali.org/Aon
Aor	aor	https://dictionary.basabali.org/Aor
Apa	apa	https://dictionary.basabali.org/Apa
Apabuin	apabuin	https://dictionary.basabali.org/Apabuin
Apah	apah	https://dictionary.basabali.org/Apah
Apah krama	apah krama	https://dictionary.basabali.org/Apah_krama
Apake	apake	https://dictionary.basabali.org/Apake
Apakpakan	apakpakan	https://dictionary.basabali.org/Apakpakan
Apal	apal	https://dictionary.basabali.org/Apal
Apane	apane	https://dictionary.basabali.org/Apane
Apang	apang	https://dictionary.basabali.org/Apang
Apanga	apanga	https://dictionary.basabali.org/Apanga
Apangalantaka	apangalantaka	https://dictionary.basabali.org/Apangalantaka
Apanginangan	apanginangan	https://dictionary.basabali.org/Apanginangan
Apanimpug	apanimpug	https://dictionary.basabali.org/Apanimpug
Apanyakanan	apanyakanan	https://dictionary.basabali.org/Apanyakanan
Apap	apap	https://dictionary.basabali.org/Apap
Apasang	apasang	https://dictionary.basabali.org/Apasang
Apasua	apasua	https://dictionary.basabali.org/Apasua
Apegelangan	apegelangan	https://dictionary.basabali.org/Apegelangan
Apek	apek	https://dictionary.basabali.org/Apek
Apekik	apekik	https://dictionary.basabali.org/Apekik
Apel	apel	https://dictionary.basabali.org/Apel
Apem	apem	https://dictionary.basabali.org/Apem
Apenin	apenin	https://dictionary.basabali.org/Apenin
Apepel	apepel	https://dictionary.basabali.org/Apepel
Apes	apes	https://dictionary.basabali.org/Apes
Api	api	https://dictionary.basabali.org/Api
Api prakpak	api prakpak	https://dictionary.basabali.org/Api_prakpak
Api takep	api takep	https://dictionary.basabali.org/Api_takep
Api-api	api-api	https://dictionary.basabali.org/Api-api
Apid	apid	https://dictionary.basabali.org/Apid
Apih	apih	https://dictionary.basabali.org/Apih
Apik	apik	https://dictionary.basabali.org/Apik
Apikanga	apikanga	https://dictionary.basabali.org/Apikanga
Apikul	apikul	https://dictionary.basabali.org/Apikul
Apil	apil	https://dictionary.basabali.org/Apil
Apin	apin	https://dictionary.basabali.org/Apin
Apine	apine	https://dictionary.basabali.org/Apine
Apinin	apinin	https://dictionary.basabali.org/Apinin
Apinpin	apinpin	https://dictionary.basabali.org/Apinpin
Apisan	apisan	https://dictionary.basabali.org/Apisan
Apit	apit	https://dictionary.basabali.org/Apit
Apit tukad	apit tukad	https://dictionary.basabali.org/Apit_tukad
Apit-apit	apit-apit	https://dictionary.basabali.org/Apit-apit
Apitan	apitan	https://dictionary.basabali.org/Apitan
Aplud	aplud	https://dictionary.basabali.org/Aplud
Apokat	apokat	https://dictionary.basabali.org/Apokat
Aprancak	aprancak	https://dictionary.basabali.org/Aprancak
Apsara	apsara	https://dictionary.basabali.org/Apsara
Apti	apti	https://dictionary.basabali.org/Apti
Apuh	apuh	https://dictionary.basabali.org/Apuh
Apui	apui	https://dictionary.basabali.org/Apui
Apul	apul	https://dictionary.basabali.org/Apul
Apun	apun	https://dictionary.basabali.org/Apun
Apus	apus	https://dictionary.basabali.org/Apus
Apusung	apusung	https://dictionary.basabali.org/Apusung
Arad	arad	https://dictionary.basabali.org/Arad
Arah	arah	https://dictionary.basabali.org/Arah
Arah-arah	arah-arah	https://dictionary.basabali.org/Arah-arah
Arahan	arahan	https://dictionary.basabali.org/Arahan
Arajiwa	arajiwa	https://dictionary.basabali.org/Arajiwa
Arak	arak	https://dictionary.basabali.org/Arak
Arama	arama	https://dictionary.basabali.org/Arama
Aran	aran	https://dictionary.basabali.org/Aran
Arang	arang	https://dictionary.basabali.org/Arang
Arania	arania	https://dictionary.basabali.org/Arania
Arap	arap	https://dictionary.basabali.org/Arap
Aras-arasan	aras-arasan	https://dictionary.basabali.org/Aras-arasan
Arat	arat	https://dictionary.basabali.org/Arat
Arawinda	arawinda	https://dictionary.basabali.org/Arawinda
Arda	arda	https://dictionary.basabali.org/Arda
Arek	arek	https://dictionary.basabali.org/Arek
Arek-arek	arek-arek	https://dictionary.basabali.org/Arek-arek
Areng	areng	https://dictionary.basabali.org/Areng
Arengga	arengga	https://dictionary.basabali.org/Arengga
Arep	arep	https://dictionary.basabali.org/Arep
Arepan	arepan	https://dictionary.basabali.org/Arepan
Ares	ares	https://dictionary.basabali.org/Ares
Ari	ari	https://dictionary.basabali.org/Ari
Ari-ari	ari-ari	https://dictionary.basabali.org/Ari-ari
Ariang	ariang	https://dictionary.basabali.org/Ariang
Arimong	arimong	https://dictionary.basabali.org/Arimong
Arina	arina	https://dictionary.basabali.org/Arina
Arip	arip	https://dictionary.basabali.org/Arip
Aris	aris	https://dictionary.basabali.org/Aris
Arit	arit	https://dictionary.basabali.org/Arit
Arit-aritan	arit-aritan	https://dictionary.basabali.org/Arit-aritan
Arita	arita	https://dictionary.basabali.org/Arita
Aritang	aritang	https://dictionary.basabali.org/Aritang
Aritanga	aritanga	https://dictionary.basabali.org/Aritanga
Arja	arja	https://dictionary.basabali.org/Arja
Arjana	arjana	https://dictionary.basabali.org/Arjana
Arjuna	arjuna	https://dictionary.basabali.org/Arjuna
Arjuna sakti	arjuna sakti	https://dictionary.basabali.org/Arjuna_sakti
Arnawa	arnawa	https://dictionary.basabali.org/Arnawa
Arod	arod	https://dictionary.basabali.org/Arod
Aron-aron	aron-aron	https://dictionary.basabali.org/Aron-aron
Arsa	arsa	https://dictionary.basabali.org/Arsa
Arta	arta	https://dictionary.basabali.org/Arta
Arta brana	arta brana	https://dictionary.basabali.org/Arta_brana
Arti	arti	https://dictionary.basabali.org/Arti
Artiang	artiang	https://dictionary.basabali.org/Artiang
Artos	artos	https://dictionary.basabali.org/Artos
Aru	aru	https://dictionary.basabali.org/Aru
Arug	arug	https://dictionary.basabali.org/Arug
Aruina	aruina	https://dictionary.basabali.org/Aruina
Arum	arum	https://dictionary.basabali.org/Arum
Aruna késa	aruna késa	https://dictionary.basabali.org/Aruna_k%C3%A9sa
Arungan	arungan	https://dictionary.basabali.org/Arungan
Asa	asa	https://dictionary.basabali.org/Asa
Asab	asab	https://dictionary.basabali.org/Asab
Asagan	asagan	https://dictionary.basabali.org/Asagan
Asah	asah	https://dictionary.basabali.org/Asah
Asah-asah	asah-asah	https://dictionary.basabali.org/Asah-asah
Asal	asal	https://dictionary.basabali.org/Asal
Asambekan	asambekan	https://dictionary.basabali.org/Asambekan
Asangkop	asangkop	https://dictionary.basabali.org/Asangkop
Asania	asania	https://dictionary.basabali.org/Asania
Asapunapi	asapunapi	https://dictionary.basabali.org/Asapunapi
Asapunika	asapunika	https://dictionary.basabali.org/Asapunika
Asapuniki	asapuniki	https://dictionary.basabali.org/Asapuniki
Asaraja	asaraja	https://dictionary.basabali.org/Asaraja
Asasih	asasih	https://dictionary.basabali.org/Asasih
Asat	asat	https://dictionary.basabali.org/Asat
Asedengan	asedengan	https://dictionary.basabali.org/Asedengan
Aselid	aselid	https://dictionary.basabali.org/Aselid
Asem	asem	https://dictionary.basabali.org/Asem
Asep	asep	https://dictionary.basabali.org/Asep
Asepan	asepan	https://dictionary.basabali.org/Asepan
Aserap	aserap	https://dictionary.basabali.org/Aserap
Asi	asi	https://dictionary.basabali.org/Asi
Asibak	asibak	https://dictionary.basabali.org/Asibak
Asih	asih	https://dictionary.basabali.org/Asih
Asiki	asiki	https://dictionary.basabali.org/Asiki
Asil	asil	https://dictionary.basabali.org/Asil
Asin	asin	https://dictionary.basabali.org/Asin
Asing	asing	https://dictionary.basabali.org/Asing
Asirepan	asirepan	https://dictionary.basabali.org/Asirepan
Askara	askara	https://dictionary.basabali.org/Askara
Aslabsaban	aslabsaban	https://dictionary.basabali.org/Aslabsaban
Asli	asli	https://dictionary.basabali.org/Asli
Asliaban	asliaban	https://dictionary.basabali.org/Asliaban
Asok	asok	https://dictionary.basabali.org/Asok
Asrama	asrama	https://dictionary.basabali.org/Asrama
Asriepan	asriepan	https://dictionary.basabali.org/Asriepan
Asta	asta	https://dictionary.basabali.org/Asta
Asta brata	asta brata	https://dictionary.basabali.org/Asta_brata
Asta dusta	asta dusta	https://dictionary.basabali.org/Asta_dusta
Asta kosala-kosali	asta kosala-kosali	https://dictionary.basabali.org/Asta_kosala-kosali
Asta musti	asta musti	https://dictionary.basabali.org/Asta_musti
Asta windu	asta windu	https://dictionary.basabali.org/Asta_windu
Astaba	astaba	https://dictionary.basabali.org/Astaba
Astaguna	astaguna	https://dictionary.basabali.org/Astaguna
Astawa	astawa	https://dictionary.basabali.org/Astawa
Asteya	asteya	https://dictionary.basabali.org/Asteya
Asti	asti	https://dictionary.basabali.org/Asti
Asti wedana	asti wedana	https://dictionary.basabali.org/Asti_wedana
Astika manik	astika manik	https://dictionary.basabali.org/Astika_manik
Astra	astra	https://dictionary.basabali.org/Astra
Astungkara	astungkara	https://dictionary.basabali.org/Astungkara
Asu	asu	https://dictionary.basabali.org/Asu
Asu bang bungkem	asu bang bungkem	https://dictionary.basabali.org/Asu_bang_bungkem
Asu manak tunggal	asu manak tunggal	https://dictionary.basabali.org/Asu_manak_tunggal
Asu mundung	asu mundung	https://dictionary.basabali.org/Asu_mundung
Asu ngelak	asu ngelak	https://dictionary.basabali.org/Asu_ngelak
Asua	asua	https://dictionary.basabali.org/Asua
Asuba karma	asuba karma	https://dictionary.basabali.org/Asuba_karma
Asuh	asuh	https://dictionary.basabali.org/Asuh
Asukina	asukina	https://dictionary.basabali.org/Asukina
Asung	asung	https://dictionary.basabali.org/Asung
Ata	ata	https://dictionary.basabali.org/Ata
Atag	atag	https://dictionary.basabali.org/Atag
Atap	atap	https://dictionary.basabali.org/Atap
Atarwya	atarwya	https://dictionary.basabali.org/Atarwya
Atat	atat	https://dictionary.basabali.org/Atat
Atebah	atebah	https://dictionary.basabali.org/Atebah
Ated	ated	https://dictionary.basabali.org/Ated
Ategeh	ategeh	https://dictionary.basabali.org/Ategeh
Ateh	ateh	https://dictionary.basabali.org/Ateh
Ateha	ateha	https://dictionary.basabali.org/Ateha
Atehang	atehang	https://dictionary.basabali.org/Atehang
Atehanga	atehanga	https://dictionary.basabali.org/Atehanga
Atelahan	atelahan	https://dictionary.basabali.org/Atelahan
Atenga	atenga	https://dictionary.basabali.org/Atenga
Atep	atep	https://dictionary.basabali.org/Atep
Atepang	atepang	https://dictionary.basabali.org/Atepang
Ater	ater	https://dictionary.basabali.org/Ater
Ati	ati	https://dictionary.basabali.org/Ati
Atiban	atiban	https://dictionary.basabali.org/Atiban
Atin	atin	https://dictionary.basabali.org/Atin
Atinne	atinne	https://dictionary.basabali.org/Atinne
Atita	atita	https://dictionary.basabali.org/Atita
Atiti	atiti	https://dictionary.basabali.org/Atiti
Atiti krama	atiti krama	https://dictionary.basabali.org/Atiti_krama
Atiwa-tiwa	atiwa-tiwa	https://dictionary.basabali.org/Atiwa-tiwa
Atma	atma	https://dictionary.basabali.org/Atma
Atma wedana	atma wedana	https://dictionary.basabali.org/Atma_wedana
Atoru	atoru	https://dictionary.basabali.org/Atoru
Atos	atos	https://dictionary.basabali.org/Atos
Atrek	atrek	https://dictionary.basabali.org/Atrek
Atub	atub	https://dictionary.basabali.org/Atub
Atungtung	atungtung	https://dictionary.basabali.org/Atungtung
Atur	atur	https://dictionary.basabali.org/Atur
Aturan	aturan	https://dictionary.basabali.org/Aturan
Aturang	aturang	https://dictionary.basabali.org/Aturang
Aturin	aturin	https://dictionary.basabali.org/Aturin
Atén-atén	atén-atén	https://dictionary.basabali.org/At%C3%A9n-at%C3%A9n
Au-au	au-au	https://dictionary.basabali.org/Au-au
Aub	aub	https://dictionary.basabali.org/Aub
Auban	auban	https://dictionary.basabali.org/Auban
Aud	aud	https://dictionary.basabali.org/Aud
Aukud	aukud	https://dictionary.basabali.org/Aukud
Aung	aung	https://dictionary.basabali.org/Aung
Aungan	aungan	https://dictionary.basabali.org/Aungan
Aus	aus	https://dictionary.basabali.org/Aus
Awag	awag	https://dictionary.basabali.org/Awag
Awag awagan	awag awagan	https://dictionary.basabali.org/Awag_awagan
Awai	awai	https://dictionary.basabali.org/Awai
Awak	awak	https://dictionary.basabali.org/Awak
Awake	awake	https://dictionary.basabali.org/Awake
Awakne	awakne	https://dictionary.basabali.org/Awakne
Awan	awan	https://dictionary.basabali.org/Awan
Awanan	awanan	https://dictionary.basabali.org/Awanan
Awanane	awanane	https://dictionary.basabali.org/Awanane
Awar-awar	awar-awar	https://dictionary.basabali.org/Awar-awar
Awara	awara	https://dictionary.basabali.org/Awara
Awas	awas	https://dictionary.basabali.org/Awas
Awasarya	awasarya	https://dictionary.basabali.org/Awasarya
Awiawahara	awiawahara	https://dictionary.basabali.org/Awiawahara
Awidia	awidia	https://dictionary.basabali.org/Awidia
Awig-awig	awig-awig	https://dictionary.basabali.org/Awig-awig
Awignamastu	awignamastu	https://dictionary.basabali.org/Awignamastu
Awih	awih	https://dictionary.basabali.org/Awih
Awinan	awinan	https://dictionary.basabali.org/Awinan
Awu	awu	https://dictionary.basabali.org/Awu
Awujijiwati	awujijiwati	https://dictionary.basabali.org/Awujijiwati
Aya	aya	https://dictionary.basabali.org/Aya
Ayaban	ayaban	https://dictionary.basabali.org/Ayaban
Ayah	ayah	https://dictionary.basabali.org/Ayah
Ayam	ayam	https://dictionary.basabali.org/Ayam
Ayan	ayan	https://dictionary.basabali.org/Ayan
Ayang	ayang	https://dictionary.basabali.org/Ayang
Ayat	ayat	https://dictionary.basabali.org/Ayat
Ayeman	ayeman	https://dictionary.basabali.org/Ayeman
Ayong-ayong	ayong-ayong	https://dictionary.basabali.org/Ayong-ayong
Ayu	ayu	https://dictionary.basabali.org/Ayu
Ayu kepel	ayu kepel	https://dictionary.basabali.org/Ayu_kepel
Ayub	ayub	https://dictionary.basabali.org/Ayub
Ayun	ayun	https://dictionary.basabali.org/Ayun
Ayunan	ayunan	https://dictionary.basabali.org/Ayunan
Ayuta	ayuta	https://dictionary.basabali.org/Ayuta
